id,name,city_name,district_name
532,昆百大·泰业城,大理白族自治州,大理市
684,世纪广场(南屏街),昆明市,五华区
685,吾悦广场,昆明市,五华区
686,和谐广场,昆明市,五华区
687,大观商业城,昆明市,五华区
688,昆明恒旺广场,昆明市,五华区
689,昆明百货大楼,昆明市,五华区
690,昆明走廊,昆明市,五华区
691,昆百大·新西南广场,昆明市,五华区
692,朗悦湾广场,昆明市,五华区
693,柏联广场,昆明市,五华区
694,正义坊购物中心,昆明市,五华区
697,正大风尚广场,昆明市,五华区
698,王府井百货,昆明市,五华区
699,百大新天地,昆明市,五华区
701,美辰百货,昆明市,五华区
702,西城时代购物中心,昆明市,五华区
703,金鹰购物广场,昆明市,五华区
705,顺城购物中心,昆明市,五华区
706,首创奥特莱斯,昆明市,五华区
710,乐动广场,昆明市,呈贡区
711,佳美商业广场,昆明市,呈贡区
712,吾悦广场,昆明市,呈贡区
713,呈贡新城陆区雨花商业广场,昆明市,呈贡区
714,壹城万象唯此中心,昆明市,呈贡区
715,廊桥阳光购物公园,昆明市,呈贡区
716,建工新城·生活广场,昆明市,呈贡区
717,怡香广场,昆明市,呈贡区
718,摩登汇,昆明市,呈贡区
720,昆百大·新都会,昆明市,呈贡区
722,老街购物中心,昆明市,呈贡区
723,诺仕达商业广场,昆明市,呈贡区
724,银河广场购物中心,昆明市,呈贡区
725,龙城购物中心,昆明市,呈贡区
744,世纪金源购物中心,昆明市,官渡区
747,云路中心商业广场,昆明市,官渡区
750,双龙商场,昆明市,官渡区
751,大都摩天购物中心,昆明市,官渡区
754,悦成国际商业广场,昆明市,官渡区
756,昆明世纪金源购物中心B馆,昆明市,官渡区
757,昆明市中药材专业市场,昆明市,官渡区
758,明通商场,昆明市,官渡区
759,星耀广场,昆明市,官渡区
761,海乐城,昆明市,官渡区
762,王府井奥莱·滇池小镇,昆明市,官渡区
763,百富琪商业广场,昆明市,官渡区
764,羊甫商业中心,昆明市,官渡区
765,芭芭多金福地广场,昆明市,官渡区
768,银海尚御广场,昆明市,官渡区
806,C86山茶坊,昆明市,盘龙区
807,ME TOWN蜜糖购物中心,昆明市,盘龙区
808,中汇商业中心,昆明市,盘龙区
809,云南映象商业广场,昆明市,盘龙区
811,俊发·春天里,昆明市,盘龙区
813,北辰财富中心,昆明市,盘龙区
814,同德·昆明广场,昆明市,盘龙区
816,奥斯迪购物广场-西区,昆明市,盘龙区
817,旭辉商业广场,昆明市,盘龙区
818,昆明瑞鼎城购物公园,昆明市,盘龙区
821,昆明美立方商业广场,昆明市,盘龙区
823,汇都商业中心,昆明市,盘龙区
824,滨江·俊发广场,昆明市,盘龙区
825,漫谷商城,昆明市,盘龙区
827,董家湾地下商场,昆明市,盘龙区
828,金俊广场,昆明市,盘龙区
829,金格百货,昆明市,盘龙区
830,金色年华商场,昆明市,盘龙区
840,NEW MALL商城,昆明市,西山区
841,万达广场,昆明市,西山区
843,三江世纪综合市场,昆明市,西山区
845,云善时尚广场,昆明市,西山区
847,云纺国际商厦购物中心,昆明市,西山区
848,云纺新天地,昆明市,西山区
850,大商汇A区17幢,昆明市,西山区
853,好悦天地A区,昆明市,西山区
856,恒宇商业广场,昆明市,西山区
857,悦云天地购物公园,昆明市,西山区
859,星光天地,昆明市,西山区
860,臻万百货,昆明市,西山区
863,金科·爱琴海购物公园,昆明市,西山区
864,金色池塘商业广场,昆明市,西山区
1053,曲靖麒麟万达广场,曲靖市,麒麟区
1148,三千城悦容匯购物公园,玉溪市,红塔区
1150,东星商业广场,玉溪市,红塔区
1151,勒物商城,玉溪市,红塔区
1152,启发家居购物中心,玉溪市,红塔区
1153,嘉阳商业城,玉溪市,红塔区
1154,大满冠商场,玉溪市,红塔区
1155,昆百大·海纳城购物中心,玉溪市,红塔区
1156,极·中心购物广场,玉溪市,红塔区
1158,玉溪市人民商场,玉溪市,红塔区
1159,玉溪彩虹商贸城,玉溪市,红塔区
1160,玉溪百货大楼,玉溪市,红塔区
1161,玉溪美佳华商业广场,玉溪市,红塔区
1162,研和百信购物广场,玉溪市,红塔区
1163,福鑫商业广场,玉溪市,红塔区
1164,西部广场,玉溪市,红塔区
1249,南湖第壹MALL,红河哈尼族彝族自治州,蒙自市
1251,捷尔多购物中心,红河哈尼族彝族自治州,蒙自市
1252,新世纪超市,红河哈尼族彝族自治州,蒙自市
1256,福兴商贸城A区,红河哈尼族彝族自治州,蒙自市
1257,红河奥林匹克广场,红河哈尼族彝族自治州,蒙自市
1258,红河时光广场,红河哈尼族彝族自治州,蒙自市
1259,翔升休闲购物广场,红河哈尼族彝族自治州,蒙自市
1260,蒙自中南国际商贸城,红河哈尼族彝族自治州,蒙自市
1261,蒙自厂健百货商行,红河哈尼族彝族自治州,蒙自市
1262,蒙自商都批发城,红河哈尼族彝族自治州,蒙自市
1263,蒙自百货大楼,红河哈尼族彝族自治州,蒙自市
1264,金方购物广场,红河哈尼族彝族自治州,蒙自市
1265,金鹏世纪新都汇,红河哈尼族彝族自治州,蒙自市
1266,锦隆购物广场,红河哈尼族彝族自治州,蒙自市
1494,万达广场,包头市,青山区
1495,九星国际广场,包头市,青山区
1496,光彩商城,包头市,青山区
1497,包头印象城,包头市,青山区
1498,向阳市场,包头市,青山区
1499,娜玲广场,包头市,青山区
1500,宝琳新街,包头市,青山区
1501,幸福商城,包头市,青山区
1502,时代财富地下商业城,包头市,青山区
1503,正翔湾购物中心,包头市,青山区
1505,王府井百货,包头市,青山区
1506,红房子商城,包头市,青山区
1507,老鼠街,包头市,青山区
1510,青山一百购物中心,包头市,青山区
1511,青山區呼得木林新天地,包头市,青山区
1606,万达广场,呼和浩特市,回民区
1607,世奥商场,呼和浩特市,回民区
1608,亚辰海派广场,呼和浩特市,回民区
1610,内蒙古民族商场B座,呼和浩特市,回民区
1612,商业中心,呼和浩特市,回民区
1613,天元世奥商厦,呼和浩特市,回民区
1614,天元商厦,呼和浩特市,回民区
1615,宝马商城,呼和浩特市,回民区
1617,新亚太商厦,呼和浩特市,回民区
1618,新华MALL,呼和浩特市,回民区
1620,满达商城,呼和浩特市,回民区
1621,王府井百货,呼和浩特市,回民区
1622,王府井百货呼市店(东门),呼和浩特市,回民区
1623,维多利购物中心,呼和浩特市,回民区
1624,茂业时代城,呼和浩特市,回民区
1625,金河商城,呼和浩特市,回民区
1626,钢铁路百货商场,呼和浩特市,回民区
1627,锦都商场,呼和浩特市,回民区
1672,七彩城购物中心,呼和浩特市,玉泉区
1673,万汇隆商业区,呼和浩特市,玉泉区
1674,凯德广场·诺和木勒,呼和浩特市,玉泉区
1675,呼和浩特万象城,呼和浩特市,玉泉区
1677,汇豪商城,呼和浩特市,玉泉区
1679,秋实璟峯汇广场,呼和浩特市,玉泉区
1680,美珠广场,呼和浩特市,玉泉区
1682,金宇新天地G栋商业,呼和浩特市,玉泉区
1693,维多利摩尔城A座,呼和浩特市,赛罕区
1851,赤峰红山万达广场,赤峰市,红山区
1917,万达广场,通辽市,科尔沁区
1967,万博广场,鄂尔多斯市,东胜区
1968,万家惠G区,鄂尔多斯市,东胜区
1969,万达广场,鄂尔多斯市,东胜区
1970,东兴时代广场,鄂尔多斯市,东胜区
1971,东胜万达广场2期,鄂尔多斯市,东胜区
1972,乐多乐综合商场(吉劳庆北路),鄂尔多斯市,东胜区
1973,北国新天地,鄂尔多斯市,东胜区
1975,卓远时代广场,鄂尔多斯市,东胜区
1976,大兴商业广场(杭锦路),鄂尔多斯市,东胜区
1977,宝如意商城,鄂尔多斯市,东胜区
1978,恒信精恒商业广场,鄂尔多斯市,东胜区
1979,新百大卖场,鄂尔多斯市,东胜区
1980,时达商城,鄂尔多斯市,东胜区
1981,星河COCOCity,鄂尔多斯市,东胜区
1982,每天百货都市,鄂尔多斯市,东胜区
1983,民丰商城,鄂尔多斯市,东胜区
1984,民生广场,鄂尔多斯市,东胜区
1985,温州商城,鄂尔多斯市,东胜区
1986,王府井百货,鄂尔多斯市,东胜区
1987,百联百胜大卖场,鄂尔多斯市,东胜区
1988,盛泰谷商场,鄂尔多斯市,东胜区
1989,赛特商场,鄂尔多斯市,东胜区
2463,吉林欧亚商都综合体,吉林市,丰满区
3005,摩天活力城·2期,长春市,南关区
3017,长春万象城,长春市,南关区
3066,7.8购物广场,长春市,朝阳区
3067,in-GuiLin休闲购物广场,长春市,朝阳区
3068,万达广场,长春市,朝阳区
3071,中商·世界里购物中心,长春市,朝阳区
3072,亚细亚百货,长春市,朝阳区
3073,力旺广场,长春市,朝阳区
3074,卓展购物中心,长春市,朝阳区
3075,卓展购物中心(重庆路店-B座),长春市,朝阳区
3078,欧亚商都,长春市,朝阳区
3084,民生购物中心(崇智路),长春市,朝阳区
3085,活力汇,长春市,朝阳区
3086,繁荣商场,长春市,朝阳区
3087,这有山,长春市,朝阳区
3088,长春国际贸易中心喜事城,长春市,朝阳区
3089,长春小燕莎商场,长春市,朝阳区
3090,长春百货大楼,长春市,朝阳区
3416,万象宜宾天地,宜宾市,叙州区
3453,宜宾万象汇,宜宾市,翠屏区
3545,广元万达广场,广元市,利州区
3652,万达广场,德阳市,旌阳区
3690,CPI,成都市,双流区
3691,万达广场,成都市,双流区
3692,中海右岸环宇坊,成都市,双流区
3693,中海天府环宇坊,成都市,双流区
3694,乐福城市生活广场,成都市,双流区
3695,北京华联(成都购物中心),成都市,双流区
3696,天府和悦广场,成都市,双流区
3697,天府招商花园城,成都市,双流区
3699,成都三利爱琴海购物中心,成都市,双流区
3700,成都双流时代奥特莱斯B区,成都市,双流区
3701,成都天府大悦城,成都市,双流区
3704,成都时代奥特莱斯,成都市,双流区
3705,成都远大购物中心,成都市,双流区
3706,方圆荟,成都市,双流区
3707,星荟天地,成都市,双流区
3708,海滨城购物中心,成都市,双流区
3709,益州国际广场,成都市,双流区
3710,缤纷广场,成都市,双流区
3711,茂业天地,成都市,双流区
3712,金色校园广场,成都市,双流区
3713,韩国城购物中心,成都市,双流区
3767,成都万象城,成都市,成华区
3779,龙湖·滨江天街,成都市,成华区
3812,万达广场,成都市,武侯区
3813,世豪广场,成都市,武侯区
3815,伊藤洋华堂,成都市,武侯区
3817,凯德天府,成都市,武侯区
3818,凯德广场,成都市,武侯区
3819,吾悦广场,成都市,武侯区
3820,尚品广场,成都市,武侯区
3821,悠方购物中心,成都市,武侯区
3822,成都SKP,成都市,武侯区
3823,成都大悦城,成都市,武侯区
3824,成都大魔方招商花园城,成都市,武侯区
3825,成都摩方购物中心,成都市,武侯区
3826,成都来福士广场,成都市,武侯区
3827,成都王府井购物中心,成都市,武侯区
3829,成都银泰城,成都市,武侯区
3830,成都高新招商花园城,成都市,武侯区
3831,此地CyPARK新概念商业公园,成都市,武侯区
3832,环球中心,成都市,武侯区
3833,苏宁广场,成都市,武侯区
3834,苏宁广场城市奥特莱斯,成都市,武侯区
3835,莱蒙都会,成都市,武侯区
3836,龙湖成都金楠天街,成都市,武侯区
3846,成都合生汇,成都市,温江区
3910,龙湖成都时代天街,成都市,郫都区
3953,OCT华侨城生活广场,成都市,金牛区
3954,万裕生活广场,成都市,金牛区
3956,万达广场送车点-益安,成都市,金牛区
3957,中海国际购物公园,成都市,金牛区
3958,凯德广场,成都市,金牛区
3959,凯德广场·金牛2期,成都市,金牛区
3961,城中汇购物中心,成都市,金牛区
3963,恒业国际日用品商城,成都市,金牛区
3964,成都国际商贸城功能区,成都市,金牛区
3966,成都金牛招商花园城,成都市,金牛区
3967,旺马仕名品广场,成都市,金牛区
3969,沐府汇MUFUPAPK,成都市,金牛区
3970,沙湾印象汇,成都市,金牛区
3971,苏宁百货,成都市,金牛区
3972,荷花池16区,成都市,金牛区
3973,荷花金池市场,成都市,金牛区
3975,龙湖·西宸天街,成都市,金牛区
3976,龙湖成都上城天街,成都市,金牛区
3977,龙湖成都北城天街,成都市,金牛区
3986,成都IFS,成都市,锦江区
3989,成都太古里,成都市,锦江区
3995,王府井百货,成都市,锦江区
4053,成都世茂广场,成都市,龙泉驿区
4142,泸州万象汇,泸州市,江阳区
4384,自贡华商爱琴海购物公园,自贡市,自流井区
5082,新百中心C馆,银川市,兴庆区
5134,中海环宇天地,银川市,金凤区
5135,中海生活汇,银川市,金凤区
5136,北京华联购物中心,银川市,金凤区
5137,建发悠阅城,银川市,金凤区
5138,新华百货,银川市,金凤区
5139,新华百货CC Park购物广场(C1门),银川市,金凤区
5140,新华百货CC Park购物广场B座,银川市,金凤区
5143,新华联购物中心,银川市,金凤区
5144,新城商业广场,银川市,金凤区
5146,海悦广场,银川市,金凤区
5147,湖景商业广场,银川市,金凤区
5148,王府井奥莱,银川市,金凤区
5149,盈华购物中心,银川市,金凤区
5150,西夏商城,银川市,金凤区
5151,金凤万达广场,银川市,金凤区
5152,金风新华联广场,银川市,金凤区
5153,银川阿拉善广场,银川市,金凤区
5158,龙马·新天地,银川市,金凤区
5286,万达广场,六安市,金安区
5351,53度广场,合肥市,包河区
5352,万达广场,合肥市,包河区
5353,中海滨湖环宇天地,合肥市,包河区
5354,中海环宇天地,合肥市,包河区
5355,加侨国际广场,合肥市,包河区
5356,包河万象汇,合肥市,包河区
5357,合肥唯品会城市奥莱,合肥市,包河区
5358,合肥杉杉奥特莱斯,合肥市,包河区
5360,合肥滨湖爱琴海购物中心,合肥市,包河区
5361,合肥绿地大融城,合肥市,包河区
5362,合肥首创奥特莱斯,合肥市,包河区
5363,悦方ID MALL,合肥市,包河区
5364,新都会环球购物广场,合肥市,包河区
5368,百大购物中心,合肥市,包河区
5371,绿地缤纷城,合肥市,包河区
5372,联家时代广场,合肥市,包河区
5373,融创茂,合肥市,包河区
5374,金谷广场,合肥市,包河区
5375,银泰百货,合肥市,包河区
5408,CBD城市奥莱,合肥市,庐阳区
5409,万科广场,合肥市,庐阳区
5410,万科森生活汇,合肥市,庐阳区
5412,合肥市百货大楼,合肥市,庐阳区
5413,合肥悦城融侨里,合肥市,庐阳区
5414,合肥欢乐颂,合肥市,庐阳区
5415,合肥银泰中心,合肥市,庐阳区
5416,商之都B座,合肥市,庐阳区
5417,尚街时尚购物广场,合肥市,庐阳区
5418,庐州印象,合肥市,庐阳区
5419,新天地国际购物中心,合肥市,庐阳区
5420,新时代广场,合肥市,庐阳区
5421,明发商业广场,合肥市,庐阳区
5423,港荣百货,合肥市,庐阳区
5427,绿都商城,合肥市,庐阳区
5428,美好荟,合肥市,庐阳区
5429,荟聚,合肥市,庐阳区
5431,银泰中心二期,合肥市,庐阳区
5432,香港广场,合肥市,庐阳区
5498,中环购物中心,合肥市,蜀山区
5499,北京华联长江西路购物中心,合肥市,蜀山区
5500,合肥万象城,合肥市,蜀山区
5501,合肥之心城购物中心,合肥市,蜀山区
5502,合肥银泰in77,合肥市,蜀山区
5504,国耀星达城,合肥市,蜀山区
5505,国购广场,合肥市,蜀山区
5506,大唐国际购物广场,合肥市,蜀山区
5507,天珑广场,合肥市,蜀山区
5508,天珑广场·天珑汇,合肥市,蜀山区
5510,安高广场,合肥市,蜀山区
5511,弘阳广场,合肥市,蜀山区
5512,摩尔广场(东至路),合肥市,蜀山区
5513,正大广场,合肥市,蜀山区
5514,港澳广场,合肥市,蜀山区
5515,百乐门广场,合肥市,蜀山区
5516,百大鼓楼高新商厦,合肥市,蜀山区
5517,砂之船(合肥)奥莱,合肥市,蜀山区
5518,置地广场星光荟,合肥市,蜀山区
5520,银泰百货,合肥市,蜀山区
5522,龙湖合肥高新天街,合肥市,蜀山区
6192,八佰伴,芜湖市,镜湖区
6284,万达广场,蚌埠市,蚌山区
6285,光彩大市场2区,蚌埠市,蚌山区
6291,商之都,蚌埠市,蚌山区
6292,天星百货,蚌埠市,蚌山区
6293,天洋国际·风信子城,蚌埠市,蚌山区
6294,宝龙城市广场B区,蚌埠市,蚌山区
6295,宝龙广场,蚌埠市,蚌山区
6298,新世纪国际购物中心,蚌埠市,蚌山区
6300,泷湖湾生活广场,蚌埠市,蚌山区
6301,百大名品中心,蚌埠市,蚌山区
6302,百大购物中心,蚌埠市,蚌山区
6303,百惠国际购物中心(淮河路),蚌埠市,蚌山区
6305,蚌埠百大,蚌埠市,蚌山区
6306,蚌埠百货大楼,蚌埠市,蚌山区
6308,龙湖新天地,蚌埠市,蚌山区
6501,阜阳商厦时代广场,阜阳市,颍州区
6580,马鞍山金鹰购物中心,马鞍山市,花山区
6721,临沂万象汇,临沂市,兰山区
6948,威高广场,威海市,环翠区
7090,澳德乐时代广场B座,德州市,德城区
7163,日照万象汇,日照市,东港区
7410,泰安万达广场,泰安市,泰山区
7458,济南万象城,济南市,历下区
7459,济南恒隆广场,济南市,历下区
7461,济南高新万达广场,济南市,历下区
7465,贵和购物中心,济南市,历下区
7536,万达广场,济南市,市中区
7538,中海·环宇城,济南市,市中区
7539,华联生活广场,济南市,市中区
7540,同福商城,济南市,市中区
7542,大观园文化商城,济南市,市中区
7543,尚品1街,济南市,市中区
7544,悦动城,济南市,市中区
7545,振华商厦,济南市,市中区
7546,明珠顶汇,济南市,市中区
7547,欧亚大观乐活城,济南市,市中区
7549,济南市新世界地下商城,济南市,市中区
7550,祥泰广场6号楼,济南市,市中区
7551,英雄山人防商城,济南市,市中区
7553,英雄山人防商城A2(出入口),济南市,市中区
7556,西河邻里中心,济南市,市中区
7557,贵和购物中心,济南市,市中区
7558,银座·奥特莱斯,济南市,市中区
7574,和谐广场,济南市,槐荫区
7594,龙湖济南西城天街,济南市,槐荫区
7708,济宁万象汇,济宁市,任城区
7713,贵和购物广场,济宁市,任城区
7970,亿丰商场,淄博市,张店区
7971,利群时代,淄博市,张店区
7972,利群集团淄博购物广场,淄博市,张店区
7974,吾悦广场,淄博市,张店区
7976,富丽商城,淄博市,张店区
7977,彩世界精品皮草广场,淄博市,张店区
7978,振华商厦,淄博市,张店区
7979,新玛特购物广场,淄博市,张店区
7984,淄博恒太城,淄博市,张店区
7985,淄博王府井广场,淄博市,张店区
7986,秀水地下商城,淄博市,张店区
7987,茂业天地,淄博市,张店区
7988,莲池利群购物广场,淄博市,张店区
7989,铝城购物中心,淄博市,张店区
7990,银座·奥特莱斯,淄博市,张店区
7994,银泰城,淄博市,张店区
8202,泰华城·新天地,潍坊市,奎文区
8203,潍坊新辰天地,潍坊市,奎文区
8297,万锦国际广场,潍坊市,潍城区
8298,中百大厦,潍坊市,潍城区
8299,丰华商城B座,潍坊市,潍城区
8300,交运贸易广场,潍坊市,潍城区
8302,北辰谷德茂,潍坊市,潍城区
8303,华泰小区悦刻,潍坊市,潍城区
8304,广东海利集团潍坊办事处,潍坊市,潍城区
8305,温州购物商城,潍坊市,潍城区
8307,潍坊瑞源祥商城,潍坊市,潍城区
8308,潍坊百货大楼,潍坊市,潍城区
8309,立丰广场,潍坊市,潍城区
8310,联禧购物广场,潍坊市,潍城区
8312,金昌商城,潍坊市,潍城区
8442,万达广场,烟台市,福山区
8477,振华商厦(海港路),烟台市,芝罘区
8507,莱山万象汇,烟台市,莱山区
8845,佳和城,菏泽市,牡丹区
8931,五棵松广场,青岛市,城阳区
8934,利客来购物广场,青岛市,城阳区
8935,利群集团城阳购物广场,青岛市,城阳区
8936,吉品荟购物中心,青岛市,城阳区
8938,天泰·幸福广场,青岛市,城阳区
8939,奥莱商业广场,青岛市,城阳区
8940,客好购物广场,青岛市,城阳区
8941,家佳源购物中心,青岛市,城阳区
8942,春和广场,青岛市,城阳区
8943,晶岳广场,青岛市,城阳区
8944,柯露广场,青岛市,城阳区
8945,览秀城,青岛市,城阳区
8946,鑫江东方城,青岛市,城阳区
8947,青岛城中城,青岛市,城阳区
8948,青岛城阳宝龙广场,青岛市,城阳区
8949,青岛城阳海鲜批发城,青岛市,城阳区
8950,青岛民生商贸城,青岛市,城阳区
8952,青特·上豪广场,青岛市,城阳区
8953,青特万达广场,青岛市,城阳区
8954,首创奥特莱斯,青岛市,城阳区
8955,Lion Mall金狮广场,青岛市,崂山区
8956,丽达购物中心,青岛市,崂山区
8957,丽达购物中心金岭花园,青岛市,崂山区
8958,利群·金鼎广场,青岛市,崂山区
8959,同安锦街,青岛市,崂山区
8964,星光里商业街,青岛市,崂山区
8965,环湖商业区,青岛市,崂山区
8967,证大·大拇指广场(同安路),青岛市,崂山区
8968,青岛海龙源商场,青岛市,崂山区
8974,利群商厦,青岛市,市北区
8993,青岛凯德MALL,青岛市,市北区
8996,万象城2期,青岛市,市南区
9010,青岛万象城,青岛市,市南区
9013,青岛海信广场,青岛市,市南区
9115,万利国际上流汇购物广场,青岛市,黄岛区
9116,万达广场,青岛市,黄岛区
9117,世纪商城,青岛市,黄岛区
9118,中泽国货,青岛市,黄岛区
9119,中泽购物广场,青岛市,黄岛区
9120,利群家乐城购物广场,青岛市,黄岛区
9121,利群胶南购物中心,青岛市,黄岛区
9122,利群金海岸商场,青岛市,黄岛区
9123,千智广场,青岛市,黄岛区
9124,华联商城,青岛市,黄岛区
9125,吉韩商厦,青岛市,黄岛区
9126,吾悦广场,青岛市,黄岛区
9127,嘉年华·海信广场VILLAGE,青岛市,黄岛区
9128,城发悦邻广场,青岛市,黄岛区
9129,城市传媒广场,青岛市,黄岛区
9130,宏程新天地,青岛市,黄岛区
9131,家佳源购物中心,青岛市,黄岛区
9133,永旺黄岛购物中心,青岛市,黄岛区
9134,百利来商城,青岛市,黄岛区
9135,维客运海城购物中心,青岛市,黄岛区
9136,融创茂,青岛市,黄岛区
9137,长江商厦,青岛市,黄岛区
9138,长江购物广场,青岛市,黄岛区
9139,香江地一城,青岛市,黄岛区
9177,生龙悠购天地,临汾市,尧都区
9368,万城生活广场,大同市,平城区
9369,万达广场,大同市,平城区
9371,凯凌时尚大悦城,大同市,平城区
9372,华宇购物中心(清远西街),大同市,平城区
9373,华林生活广场,大同市,平城区
9375,大同百盛奥特莱斯,大同市,平城区
9376,大西街世纪百货,大同市,平城区
9377,大西街商城,大同市,平城区
9378,太和汇城市广场,大同市,平城区
9379,尚都购物工场,大同市,平城区
9380,御鑫万人新天地,大同市,平城区
9381,御鑫商贸城,大同市,平城区
9382,新东方·尚街,大同市,平城区
9383,新悦生活广场,大同市,平城区
9384,星茂汇VOVO PARK,大同市,平城区
9385,春天精品商城,大同市,平城区
9386,晓东生活购物广场,大同市,平城区
9389,百盛购物中心,大同市,平城区
9390,美齐生活广场,大同市,平城区
9391,蓝天商城,大同市,平城区
9392,财富广场,大同市,平城区
9429,太原万象城,太原市,万柏林区
9430,太原吾悦广场,太原市,万柏林区
9460,天美新天地,太原市,小店区
9463,太原茂业天地购物中心1期,太原市,小店区
9501,HUAYU,太原市,杏花岭区
9502,万嘉广场,太原市,杏花岭区
9503,万达·儿童天地,太原市,杏花岭区
9504,万达广场,太原市,杏花岭区
9506,北方广场,太原市,杏花岭区
9509,商场,太原市,杏花岭区
9510,多彩城,太原市,杏花岭区
9511,天天家园购物中心,太原市,杏花岭区
9512,富力广场,太原市,杏花岭区
9513,小东门商场,太原市,杏花岭区
9515,德昇希望商业广场,太原市,杏花岭区
9519,桃北商贸购物广场,太原市,杏花岭区
9520,桃园秀水街购物广场(桃园二巷),太原市,杏花岭区
9521,红星豪庭商业广场,太原市,杏花岭区
9523,解放百货大楼,太原市,杏花岭区
9524,钢新商贸,太原市,杏花岭区
9525,阳光时尚广场,太原市,杏花岭区
9730,晋中天美杉杉奥特莱斯,晋中市,榆次区
9976,万达广场,运城市,盐湖区
9977,东乐社,运城市,盐湖区
9978,东星时代广场(解放路),运城市,盐湖区
9980,华联新世纪中心广场,运城市,盐湖区
9981,南风新天地,运城市,盐湖区
9982,南风时尚百货,运城市,盐湖区
9983,吾悦广场,运城市,盐湖区
9985,天兆·金三角,运城市,盐湖区
9986,天悦城,运城市,盐湖区
9987,天泰儿童商城,运城市,盐湖区
9988,天泰城,运城市,盐湖区
9989,恒隆国际购物中心(河东街),运城市,盐湖区
9991,星河新天地购物广场,运城市,盐湖区
9992,星河生活广场,运城市,盐湖区
9993,永旺集市,运城市,盐湖区
9994,福瑞特儿童广场,运城市,盐湖区
9995,解放商城(解放路),运城市,盐湖区
9996,运城义乌国际商贸城,运城市,盐湖区
9997,运城豪德光彩贸易广场,运城市,盐湖区
9998,运城购物中心,运城市,盐湖区
9999,黄河·世纪广场,运城市,盐湖区
10168,万润广场,东莞市,东城街道
10169,万科生活广场,东莞市,东城街道
10171,上悦汇影城,东莞市,东城街道
10172,东莞东城万达广场,东莞市,东城街道
10174,东莞厚街万达广场,东莞市,东城街道
10175,东莞松山湖万象汇,东莞市,东城街道
10176,东莞虎门万达广场,东莞市,东城街道
10177,东莞长安万达广场,东莞市,东城街道
10178,华南MALL,东莞市,东城街道
10179,君乐汇购物中心,东莞市,东城街道
10180,君尚,东莞市,东城街道
10181,天一城,东莞市,东城街道
10183,天虹购物中心,东莞市,东城街道
10184,星河城购物中心,东莞市,东城街道
10185,民盈·国贸城,东莞市,东城街道
10186,海德·汇一城三区,东莞市,东城街道
10187,滙星商业中心,东莞市,东城街道
10188,百花时代广场,东莞市,东城街道
10189,碧桂园·里悦里购物中心(Lily Garden),东莞市,东城街道
10190,莞城万科城市广场,东莞市,东城街道
10191,蜂汇广场,东莞市,东城街道
10192,金沙湾购物广场,东莞市,东城街道
10193,万民汇MO CITY,中山市,南朗街道
10194,中山利和广场,中山市,南朗街道
10195,中山华丰汇购物中心,中山市,南朗街道
10196,中山古镇利和广场,中山市,南朗街道
10197,中山天悦城,中山市,南朗街道
10198,假日广场,中山市,南朗街道
10199,兴中广场,中山市,南朗街道
10203,壹加壹,中山市,南朗街道
10205,大信·新都汇,中山市,南朗街道
10210,汇丰城,中山市,南朗街道
10211,泰丰购物中心,中山市,南朗街道
10213,海雅缤纷天地,中山市,南朗街道
10214,百汇时代广场,中山市,南朗街道
10216,顺昌广场,中山市,南朗街道
10217,领丰汇,中山市,南朗街道
10281,佛山三水万达广场,佛山市,三水区
10301,A32·万科里,佛山市,南海区
10302,中海寰宇天地,佛山市,南海区
10305,佛山保利水城时光汇,佛山市,南海区
10306,佛山南海万达广场,佛山市,南海区
10307,佛山桂城万达广场,佛山市,南海区
10308,佛罗伦萨小镇(广佛名品奥特莱斯),佛山市,南海区
10309,信基广场,佛山市,南海区
10310,南海·新都会购物中心,佛山市,南海区
10311,南海万科广场,佛山市,南海区
10312,南海印象汇,佛山市,南海区
10313,南海广场,佛山市,南海区
10314,和信广场,佛山市,南海区
10317,富弘广场,佛山市,南海区
10319,永旺梦乐城,佛山市,南海区
10320,里水永润广场,佛山市,南海区
10322,金铂中心,佛山市,南海区
10324,鹏瑞利季华广场,佛山市,南海区
10326,GO GO PARK购物中心,佛山市,禅城区
10329,东基·禅西环宇城,佛山市,禅城区
10330,东建世纪广场,佛山市,禅城区
10334,佛山天虹购物中心,佛山市,禅城区
10335,佛山王府井紫薇港·WALKIN,佛山市,禅城区
10337,兴华商场,佛山市,禅城区
10338,华强广场,佛山市,禅城区
10339,印象城,佛山市,禅城区
10340,吉利购物广场,佛山市,禅城区
10341,同心荟商业广场,佛山市,禅城区
10344,新DNA购物中心,佛山市,禅城区
10346,瑞安新广场,佛山市,禅城区
10347,百花广场(祖庙路),佛山市,禅城区
10348,福升商场,佛山市,禅城区
10350,顺联国际购物中心,佛山市,禅城区
10351,ALSO,佛山市,顺德区
10352,NEW MALL,佛山市,顺德区
10353,O'PLAZA欢乐海岸购物中心,佛山市,顺德区
10354,万民金海城,佛山市,顺德区
10355,东平保利广场,佛山市,顺德区
10356,北滘商业广场,佛山市,顺德区
10357,印象城,佛山市,顺德区
10358,嘉信城市广场,佛山市,顺德区
10359,大信·新都汇,佛山市,顺德区
10360,天佑城,佛山市,顺德区
10362,天玑荟广场,佛山市,顺德区
10363,宏汇城,佛山市,顺德区
10364,悦然广场,佛山市,顺德区
10365,悦然里,佛山市,顺德区
10366,新红棉商场,佛山市,顺德区
10369,盈信广场,佛山市,顺德区
10370,盛达广场,佛山市,顺德区
10371,碧乐时光,佛山市,顺德区
10372,美的广场,佛山市,顺德区
10373,顺成·顺融城,佛山市,顺德区
10374,顺联广场,佛山市,顺德区
10375,黄金商业广场,佛山市,顺德区
10407,今洲新天地,广州市,南沙区
10408,南沙佳纷天地,广州市,南沙区
10409,南沙悠方天地,广州市,南沙区
10412,南沙旧镇南奥荟(商圈),广州市,南沙区
10413,南沙粤海广场,广州市,南沙区
10414,南都淘金城,广州市,南沙区
10415,大元商业中心,广州市,南沙区
10416,天汇百汇,广州市,南沙区
10418,广州南沙万达广场,广州市,南沙区
10419,广州南沙大涌星河COCO Garden商场,广州市,南沙区
10420,广州南沙星河COCO Park,广州市,南沙区
10421,悦方城,广州市,南沙区
10422,新地广场,广州市,南沙区
10423,星河COCO Garden,广州市,南沙区
10424,泰石商业购物中心,广州市,南沙区
10425,滨海隽城商业广场A区,广州市,南沙区
10427,电力广场,广州市,南沙区
10428,蝴蝶洲商场,广州市,南沙区
10429,锦绣商业中心,广州市,南沙区
10430,阳光城市广场,广州市,南沙区
10431,麒麟广场,广州市,南沙区
10457,K11购物艺术中心,广州市,天河区
10458,PO PARK东方宝泰,广州市,天河区
10460,万菱汇,广州市,天河区
10462,优托邦购物中心,广州市,天河区
10463,信达金茂广场,广州市,天河区
10464,天娱广场,广州市,天河区
10467,天河又一城,广州市,天河区
10468,天河城,广州市,天河区
10469,天河领展广场,广州市,天河区
10470,天环Parc Central,广州市,天河区
10471,天环Parc Central西塔,广州市,天河区
10472,太古汇,广州市,天河区
10473,时尚天河商业广场,广州市,天河区
10474,正佳广场,广州市,天河区
10476,美林M·LIVE天地-东座,广州市,天河区
10477,花城汇,广州市,天河区
10480,高德置地广场·冬广场,广州市,天河区
10481,高德置地广场·春广场,广州市,天河区
10482,万国奥特莱斯,广州市,海珠区
10484,中船汇,广州市,海珠区
10485,乐峰广场,广州市,海珠区
10486,保利广场,广州市,海珠区
10487,信和广场,广州市,海珠区
10488,六元素·体验天地,广州市,海珠区
10489,南丰汇,广州市,海珠区
10491,合生广场,广州市,海珠区
10492,四季天地,广州市,海珠区
10494,好信广场,广州市,海珠区
10498,广州海珠万达广场,广州市,海珠区
10499,广百百货,广州市,海珠区
10501,海珠·合生生活天地,广州市,海珠区
10502,海珠合生新天地,广州市,海珠区
10505,燕汇广场,广州市,海珠区
10506,羊城秀艺术商业中心,广州市,海珠区
10507,GOGO新天地,广州市,番禺区
10509,万民城,广州市,番禺区
10510,亚运城广场,广州市,番禺区
10511,华丰汇,广州市,番禺区
10513,基盛万科里,广州市,番禺区
10514,大石城,广州市,番禺区
10516,奥园国际中心·购物中心,广州市,番禺区
10517,广州大学商业中心,广州市,番禺区
10518,广州汉溪K11购物艺术中心,广州市,番禺区
10519,广州海乐荟,广州市,番禺区
10520,广州番禺万达广场,广州市,番禺区
10521,时代芳华里CR8,广州市,番禺区
10522,桥南汇广场,广州市,番禺区
10523,永旺梦乐城,广州市,番禺区
10524,海印又一城,广州市,番禺区
10527,番禺奥园广场,广州市,番禺区
10528,荔园新天地,广州市,番禺区
10529,钟福广场,广州市,番禺区
10530,钻汇广场,广州市,番禺区
10531,雄峰城,广州市,番禺区
10532,云门New Park,广州市,白云区
10533,亿达方圆荟,广州市,白云区
10534,凯德广场·云尚,广州市,白云区
10535,华通广场,广州市,白云区
10536,同和金铂天地,广州市,白云区
10540,大源时代广场,广州市,白云区
10541,太和金铂天地,广州市,白云区
10542,学山同德里,广州市,白云区
10545,广州白云万达广场,广州市,白云区
10547,新市天地,广州市,白云区
10548,时光汇,广州市,白云区
10550,白云五号T5 MALL,广州市,白云区
10551,白云汇广场,广州市,白云区
10553,百信广场,广州市,白云区
10555,石井国际,广州市,白云区
10556,龙归金铂广场,广州市,白云区
10576,融创茂,广州市,花都区
10583,东方汇珠宝生活广场,广州市,荔湾区
10584,健康港星河COCO Park,广州市,荔湾区
10585,十甫名都商城,广州市,荔湾区
10586,华林国际C馆,广州市,荔湾区
10587,和业广场,广州市,荔湾区
10588,唐铭广场,广州市,荔湾区
10590,城光荟,广州市,荔湾区
10591,壹号文化广场,广州市,荔湾区
10593,广百广场,广州市,荔湾区
10594,恒宝广场,广州市,荔湾区
10595,悦汇城,广州市,荔湾区
10596,星玺广场,广州市,荔湾区
10598,盛悦广场,广州市,荔湾区
10599,美荔汇,广州市,荔湾区
10600,花地商业中心,广州市,荔湾区
10601,芳和荟,广州市,荔湾区
10602,若比邻社区商业中心,广州市,荔湾区
10603,荔景商城,广州市,荔湾区
10604,荔湾商厦,广州市,荔湾区
10605,荔湾广场,广州市,荔湾区
10606,西门口广场,广州市,荔湾区
10607,万菱广场,广州市,越秀区
10608,东山未来里,广州市,越秀区
10609,东山百货大楼,广州市,越秀区
10610,东山锦轩·现代城,广州市,越秀区
10611,中华广场,广州市,越秀区
10612,丽柏广场,广州市,越秀区
10613,五月花商业广场,广州市,越秀区
10614,光明广场,广州市,越秀区
10615,动漫星城,广州市,越秀区
10616,北京路天河城,广州市,越秀区
10618,城壹汇,广州市,越秀区
10619,外商新天地,广州市,越秀区
10620,宜安广场,广州市,越秀区
10621,广州友谊商店,广州市,越秀区
10622,广百百货,广州市,越秀区
10623,恒润广场,广州市,越秀区
10624,文立方广场,广州市,越秀区
10626,海印广场,广州市,越秀区
10627,海印缤缤广场,广州市,越秀区
10628,海港城,广州市,越秀区
10629,珠江·星火1926,广州市,越秀区
10631,金佰利广场,广州市,越秀区
10716,华贸天地,惠州市,惠城区
10724,港惠新天地东区,惠州市,惠城区
10746,惠州大亚湾万达广场,惠州市,惠阳区
10800,万泰汇购物中心,揭阳市,普宁市
10831,揭阳榕城万达广场,揭阳市,榕城区
11013,汕头万象城,汕头市,龙湖区
11155,江门新会万达广场,江门市,新会区
11192,汇悦大融城,江门市,蓬江区
11306,光明大仟里购物中心A区,深圳市,光明区
11326,K11 ECOAST,深圳市,南山区
11327,万象前海,深圳市,南山区
11328,京基百纳广场,深圳市,南山区
11329,信和购物广场,深圳市,南山区
11330,前海卓悦INTOWN购物中心,深圳市,南山区
11331,前海壹方汇,深圳市,南山区
11333,悦方广场,深圳市,南山区
11335,来福士,深圳市,南山区
11336,欢乐颂购物中心,深圳市,南山区
11337,欧洲城,深圳市,南山区
11338,海岸城购物中心,深圳市,南山区
11339,海雅缤纷广场,深圳市,南山区
11340,深圳万象天地,深圳市,南山区
11342,深圳湾万象城,深圳市,南山区
11346,深圳湾后海汇,深圳市,南山区
11347,益田假日广场,深圳市,南山区
11349,茂业百货,深圳市,南山区
11373,U·ONE优城,深圳市,宝安区
11374,万丰海岸城购物中心,深圳市,宝安区
11375,东方新天地,深圳市,宝安区
11376,中洲购物中心,深圳市,宝安区
11377,京基百纳广场,深圳市,宝安区
11378,前海HOP天地,深圳市,宝安区
11379,同泰时代广场,深圳市,宝安区
11380,壹方城购物中心北区,深圳市,宝安区
11381,大仟里购物中心,深圳市,宝安区
11383,天虹商场,深圳市,宝安区
11386,宝安天虹购物中心,深圳市,宝安区
11388,星城购物中心,深圳市,宝安区
11389,海雅缤纷城,深圳市,宝安区
11392,深圳大悦城购物中心,深圳市,宝安区
11393,深圳宝安福城万达广场,深圳市,宝安区
11394,猫尔小镇,深圳市,宝安区
11395,百佳华·佳漾邻,深圳市,宝安区
11396,益田假日天地,深圳市,宝安区
11397,航城里购物中心,深圳市,宝安区
11414,Bo space购物中心,深圳市,福田区
11415,KK one时尚潮流购物中心,深圳市,福田区
11416,KKONE购物中心北区,深圳市,福田区
11417,PA MALL平安金融中心,深圳市,福田区
11418,iN城市广场,深圳市,福田区
11419,世纪汇购物中心,深圳市,福田区
11421,中航城君尚购物中心,深圳市,福田区
11424,卓悦中心西区,深圳市,福田区
11425,卓悦汇购物中心,深圳市,福田区
11427,岁宝Shirble plaza,深圳市,福田区
11428,星河COCO Park,深圳市,福田区
11430,梅林·生活中心,深圳市,福田区
11431,深业上城商场,深圳市,福田区
11432,深圳购物公园,深圳市,福田区
11433,皇庭广场,深圳市,福田区
11434,石厦时代广场,深圳市,福田区
11435,绿景佐阾新邑购物中心,深圳市,福田区
11436,绿景佐阾虹湾购物中心,深圳市,福田区
11437,茂业天地,深圳市,福田区
11438,领展中心城,深圳市,福田区
11439,1234space,深圳市,罗湖区
11440,HALO广场(桃园路),深圳市,罗湖区
11441,IBC MALL,深圳市,罗湖区
11442,KK TIME,深圳市,罗湖区
11443,KKMALL京基百纳空间,深圳市,罗湖区
11444,东门中心城,深圳市,罗湖区
11445,东门町广场,深圳市,罗湖区
11446,中海商城,深圳市,罗湖区
11447,佳宁娜广场,深圳市,罗湖区
11448,喜荟城,深圳市,罗湖区
11449,天虹商场,深圳市,罗湖区
11450,宝能环球汇,深圳市,罗湖区
11451,岁宝邻里,深圳市,罗湖区
11452,深圳万象城,深圳市,罗湖区
11453,深圳万象城-2期,深圳市,罗湖区
11455,深圳万象食家,深圳市,罗湖区
11457,深圳天河城购物中心,深圳市,罗湖区
11458,益田假日广场,深圳市,罗湖区
11459,福安购物广场,深圳市,罗湖区
11460,罗湖商业城,深圳市,罗湖区
11461,茂业奥特莱斯,深圳市,罗湖区
11462,莲塘口岸商业城,深圳市,罗湖区
11463,金光华广场,深圳市,罗湖区
11471,壹方天地C区,深圳市,龙华区
11477,天虹购物中心,深圳市,龙华区
11489,万科里,深圳市,龙岗区
11490,世贸中心,深圳市,龙岗区
11492,仁恒梦中心,深圳市,龙岗区
11493,佳兆业广场,深圳市,龙岗区
11495,创城·ccone,深圳市,龙岗区
11496,华盛奥特莱斯购物中心,深圳市,龙岗区
11497,坂田万科广场,深圳市,龙岗区
11498,天虹商场,深圳市,龙岗区
11503,宝能·all city城市广场,深圳市,龙岗区
11504,岁宝Shirble Plaza,深圳市,龙岗区
11505,星河COCO Park,深圳市,龙岗区
11506,星河WORLD·COCO Park购物中心,深圳市,龙岗区
11507,江南时代广场,深圳市,龙岗区
11508,深圳布吉万象汇,深圳市,龙岗区
11509,深圳龙岗万科广场,深圳市,龙岗区
11510,深圳龙岗万达广场,深圳市,龙岗区
11511,百佳华佳漾里购物中心,深圳市,龙岗区
11512,融湖广场,深圳市,龙岗区
11539,清远清城万达广场,清远市,清城区
11688,鼎盛广场购物中心,湛江市,霞山区
11756,003商业广场,珠海市,金湾区
11757,HUAWEI华为专卖店,珠海市,金湾区
11758,万科里缤纷海岸,珠海市,金湾区
11760,京华MALL,珠海市,金湾区
11762,兆丰商业城,珠海市,金湾区
11763,兆平商业城,珠海市,金湾区
11764,华晨商业广场,珠海市,金湾区
11765,南水购物广场,珠海市,金湾区
11766,听涛雅苑商业广场,珠海市,金湾区
11767,旭泰商业城,珠海市,金湾区
11768,正光广场,珠海市,金湾区
11769,泰然西西里,珠海市,金湾区
11770,珠海文德广场,珠海市,金湾区
11771,珠海生活营地,珠海市,金湾区
11772,睦邻商业中心,珠海市,金湾区
11773,第首购物广场,珠海市,金湾区
11774,翰林商业广场,珠海市,金湾区
11775,融力商业广场,珠海市,金湾区
11777,钰海万国汇美食街,珠海市,金湾区
11778,钰海万国汇购物广场,珠海市,金湾区
11779,鹏泰百货,珠海市,金湾区
11780,鹏泰百货三灶店(西门),珠海市,金湾区
11781,Gi时代广场,珠海市,香洲区
11782,万象汇,珠海市,香洲区
11783,十字门华发商都二期,珠海市,香洲区
11784,夏湾购物市场,珠海市,香洲区
11785,大前门商业广场,珠海市,香洲区
11787,摩尔广场(迎宾南路),珠海市,香洲区
11788,旺角荟,珠海市,香洲区
11789,柠溪文化广场,珠海市,香洲区
11790,横琴中央汇,珠海市,香洲区
11791,横琴华发商都,珠海市,香洲区
11792,正方优和汇·城市客厅,珠海市,香洲区
11793,正邦广场,珠海市,香洲区
11794,珠海佑里碧乐城,珠海市,香洲区
11795,珠海印象城,珠海市,香洲区
11796,珠海口岸购物广场,珠海市,香洲区
11797,珠海天虹商场,珠海市,香洲区
11798,珠海横琴购口岸商业广场,珠海市,香洲区
11799,珠海玖洲道购物公园店,珠海市,香洲区
11800,珠海高新宝龙广场,珠海市,香洲区
11801,茂业百货,珠海市,香洲区
11802,融德广场,珠海市,香洲区
11803,诚丰广场,珠海市,香洲区
11804,金发购物中心,珠海市,香洲区
11805,鹏泰购物广场,珠海市,香洲区
11888,敏捷广场,肇庆市,端州区
11988,SUN地潮创城,茂名市,茂南区
11989,万达广场,茂名市,茂南区
11990,东信时代广场,茂名市,茂南区
11991,中汇·尚街,茂名市,茂南区
11993,信威商厦,茂名市,茂南区
11994,华侨城购物广场,茂名市,茂南区
11995,印象汇,茂名市,茂南区
11996,喜徕威商业广场,茂名市,茂南区
11997,宝威广场,茂名市,茂南区
11998,富丽广场,茂名市,茂南区
12000,新加壹购物广场,茂名市,茂南区
12002,汇丰广场,茂名市,茂南区
12004,油城十路宏丰新城商业广场素姬印象意境宏丰店,茂名市,茂南区
12005,潮汇城商业广场,茂名市,茂南区
12006,红豆购物城,茂名市,茂南区
12007,聚佳购物广场,茂名市,茂南区
12009,茂名爱琴海购物公园,茂名市,茂南区
12011,荔晶购物中心(人民中路),茂名市,茂南区
12012,荔盛商城,茂名市,茂南区
12179,北海银海万达广场,北海市,银海区
12255,一号广场,南宁市,江南区
12256,万达广场,南宁市,江南区
12257,东森商业广场,南宁市,江南区
12258,乌玛市集,南宁市,江南区
12259,全盛商业广场(江南水街),南宁市,江南区
12260,华南城4号广场,南宁市,江南区
12261,华联购物广场,南宁市,江南区
12263,南宁华盛奥特莱斯,南宁市,江南区
12265,嘉荟城百货,南宁市,江南区
12266,富宁商业广场,南宁市,江南区
12267,庆泰商业广场,南宁市,江南区
12271,梦之岛APM服饰批发城,南宁市,江南区
12272,梦之岛江南店,南宁市,江南区
12273,江南·香格里拉商业广场,南宁市,江南区
12274,沛鸿商业广场,南宁市,江南区
12276,淡村购物广场,南宁市,江南区
12278,融晟天河海悦城,南宁市,江南区
12279,金凯商业广场,南宁市,江南区
12280,万佳商场(五象路),南宁市,良庆区
12282,中央大街,南宁市,良庆区
12284,五象绿地缤纷天地,南宁市,良庆区
12285,五象航洋城购物中心,南宁市,良庆区
12286,南宁五象碧乐时光,南宁市,良庆区
12287,大塘百货大楼,南宁市,良庆区
12288,大康惠商场,南宁市,良庆区
12289,威宁蟠龙西邻家广场,南宁市,良庆区
12290,源泉荟商业广场(广西能源大厦),南宁市,良庆区
12291,瑞和·购物公园,南宁市,良庆区
12292,祖龙ACMALL购物中心,南宁市,良庆区
12294,美凯隆购物中心,南宁市,良庆区
12296,金象生活广场,南宁市,良庆区
12298,锦澜金象生活广场,南宁市,良庆区
12305,南宁安吉万达广场,南宁市,西乡塘区
12331,289上海天地,南宁市,青秀区
12333,三祺广场,南宁市,青秀区
12335,凤岭生活广场市场,南宁市,青秀区
12336,南宁万象城,南宁市,青秀区
12337,南宁凤岭万达广场,南宁市,青秀区
12338,南宁华丰城爱琴海城市广场,南宁市,青秀区
12340,南宁市老街商贸中心,南宁市,青秀区
12341,又一城商业广场,南宁市,青秀区
12342,合作路10號,南宁市,青秀区
12343,国贸购物中心,南宁市,青秀区
12344,威宁·金菊邻家广场,南宁市,青秀区
12345,家家汇购物广场,南宁市,青秀区
12346,昌泰东盟广场,南宁市,青秀区
12347,梦之岛百货,南宁市,青秀区
12350,绿地中央广场B3栋,南宁市,青秀区
12351,航洋国际购物中心,南宁市,青秀区
12352,金源名店中心,南宁市,青秀区
12353,长虹路万科里,南宁市,青秀区
12354,青秀蓝鲸天地,南宁市,青秀区
12355,龙湖南宁青秀天街,南宁市,青秀区
12452,999商城,柳州市,城中区
12453,万达广场,柳州市,城中区
12454,万达广场商圈,柳州市,城中区
12455,东都百货,柳州市,城中区
12456,二轻商场,柳州市,城中区
12457,五星百货,柳州市,城中区
12458,五星百货·乐和城,柳州市,城中区
12459,五象百货,柳州市,城中区
12460,华天商城,柳州市,城中区
12461,双渔汇,柳州市,城中区
12462,地王商业广场,柳州市,城中区
12463,工贸商场,柳州市,城中区
12466,柳州红星新天地,柳州市,城中区
12467,柳州银龙百货商城,柳州市,城中区
12468,梦之岛百货,柳州市,城中区
12469,秀品天地(建设中),柳州市,城中区
12470,阳光百城市广场,柳州市,城中区
12471,风晴港购物中心,柳州市,城中区
12550,桂林高新万达广场,桂林市,七星区
12605,桂林万象城,桂林市,秀峰区
12808,东森商业广场,玉林市,玉州区
12809,南兴广场,玉林市,玉州区
12810,南江商贸城,玉林市,玉州区
12811,嘉和商城,玉林市,玉州区
12812,好声音商厦,玉林市,玉州区
12813,弘润商业广场,玉林市,玉州区
12814,明凯商厦,玉林市,玉州区
12815,燕赵商城,玉林市,玉州区
12816,玉林·毅德国际商贸城-4号交易广场,玉林市,玉州区
12818,玉林国际购物中心,玉林市,玉州区
12819,玉林市大新商贸城,玉林市,玉州区
12820,玉林市工业品市场2区,玉林市,玉州区
12821,玉林文化广场专卖店,玉林市,玉州区
12822,玉林毅德国际商贸城1号馆,玉林市,玉州区
12824,百花汇购物广场,玉林市,玉州区
12825,碧桂园·凤凰广场,玉林市,玉州区
12829,金港湾广场,玉林市,玉州区
12831,金色阳光购物广场,玉林市,玉州区
12832,银丰广场,玉林市,玉州区
13131,汇嘉时代广场,乌鲁木齐市,新市区
13140,SOHO新天地,乌鲁木齐市,水磨沟区
13141,乌鲁木齐市·7英里商业中心,乌鲁木齐市,水磨沟区
13142,乐福城市生活广场,乌鲁木齐市,水磨沟区
13143,华凌商场,乌鲁木齐市,水磨沟区
13144,华凌贸易城,乌鲁木齐市,水磨沟区
13145,吾悦广场,乌鲁木齐市,水磨沟区
13146,惠源商城,乌鲁木齐市,水磨沟区
13147,MM2 美美,乌鲁木齐市,沙依巴克区
13148,RELX悦刻,乌鲁木齐市,沙依巴克区
13149,YoYo环球港,乌鲁木齐市,沙依巴克区
13150,七一阳光100广场,乌鲁木齐市,沙依巴克区
13152,万达广场,乌鲁木齐市,沙依巴克区
13153,世纪百盛广场(沙区炉院街),乌鲁木齐市,沙依巴克区
13154,乌鲁木齐乐至生活广场,乌鲁木齐市,沙依巴克区
13157,叁源艺体商业广场,乌鲁木齐市,沙依巴克区
13158,友好·城市奥莱,乌鲁木齐市,沙依巴克区
13159,地王国际商城,乌鲁木齐市,沙依巴克区
13160,天元世纪城,乌鲁木齐市,沙依巴克区
13164,新疆国际商贸城(外环路),乌鲁木齐市,沙依巴克区
13165,海成文体广场,乌鲁木齐市,沙依巴克区
13166,百思百国际广场,乌鲁木齐市,沙依巴克区
13167,红山MALL,乌鲁木齐市,沙依巴克区
13168,美美MM购物中心,乌鲁木齐市,沙依巴克区
13171,高铁中心商贸城,乌鲁木齐市,沙依巴克区
13190,万力时尚mall,伊犁哈萨克自治州,伊宁市
13191,上林广场,伊犁哈萨克自治州,伊宁市
13192,乔黎繁商场,伊犁哈萨克自治州,伊宁市
13193,九城购物中心,伊犁哈萨克自治州,伊宁市
13194,亿达广场,伊犁哈萨克自治州,伊宁市
13195,仁和九城广场,伊犁哈萨克自治州,伊宁市
13196,伊宁市跨境电商服务有限公司,伊犁哈萨克自治州,伊宁市
13197,伊犁国际大巴扎,伊犁哈萨克自治州,伊宁市
13198,伊犁大巴扎B段,伊犁哈萨克自治州,伊宁市
13199,伊犁天百,伊犁哈萨克自治州,伊宁市
13200,伊犁天百国际购物中心A座,伊犁哈萨克自治州,伊宁市
13201,伊犁悦桐购物中心,伊犁哈萨克自治州,伊宁市
13202,兜兜商城,伊犁哈萨克自治州,伊宁市
13203,北京同仁堂专柜,伊犁哈萨克自治州,伊宁市
13205,呼勒佳购物中心,伊犁哈萨克自治州,伊宁市
13206,大世界购物广场(解放西路),伊犁哈萨克自治州,伊宁市
13207,天马国际广场,伊犁哈萨克自治州,伊宁市
13208,新疆友好集团伊犁天百国际购物中心,伊犁哈萨克自治州,伊宁市
13209,新红旗商城(斯大林东路),伊犁哈萨克自治州,伊宁市
13210,星河大地时尚广场,伊犁哈萨克自治州,伊宁市
13211,爱家购物广场,伊犁哈萨克自治州,伊宁市
13212,美居商贸城,伊犁哈萨克自治州,伊宁市
13213,美美·时尚(解放西路),伊犁哈萨克自治州,伊宁市
13214,花城商场,伊犁哈萨克自治州,伊宁市
13389,喀什万达广场,喀什地区,喀什市
13638,太百购物中心,阿克苏地区,阿克苏市
13708,Vanli江山中心,南京市,建邺区
13709,iMO江岛新天地,南京市,建邺区
13710,万达广场,南京市,建邺区
13711,中央商场,南京市,建邺区
13712,仁恒·置地广场,南京市,建邺区
13713,仁恒里·新天地,南京市,建邺区
13714,华灯坊,南京市,建邺区
13716,南京ifc商场,南京市,建邺区
13718,南京金陵天地,南京市,建邺区
13719,吾悦广场,南京市,建邺区
13721,嘉业国际城·购物中心,南京市,建邺区
13723,好邻居生活广场(黄山路),南京市,建邺区
13724,月安生活广场,南京市,建邺区
13725,游坊城,南京市,建邺区
13726,澎湃力中心,南京市,建邺区
13728,金奥美学生活馆,南京市,建邺区
13729,金源广场(楠溪江东街),南京市,建邺区
13731,龙湖南京河西天街,南京市,建邺区
13733,万寿购物中心,南京市,栖霞区
13734,万达广场,南京市,栖霞区
13735,东城汇,南京市,栖霞区
13736,九霄梦天地,南京市,栖霞区
13737,仙林美居生活广场,南京市,栖霞区
13738,健康·大融城,南京市,栖霞区
13739,南京万达茂,南京市,栖霞区
13740,南京城北万象汇,南京市,栖霞区
13743,大成名店公园,南京市,栖霞区
13745,招商·花园城,南京市,栖霞区
13748,金鹰湖滨天地,南京市,栖霞区
13755,马群招商花园城,南京市,栖霞区
13756,高桥商场,南京市,栖霞区
13771,景枫中心,南京市,江宁区
13786,南京弘阳广场C馆,南京市,浦口区
13793,江北虹悦城,南京市,浦口区
13824,ist艾尚天地,南京市,玄武区
13825,仙鹤新天地广场,南京市,玄武区
13826,佳源广场,南京市,玄武区
13827,六角广场,南京市,玄武区
13829,南京D9街区,南京市,玄武区
13830,南京商厦,南京市,玄武区
13831,南京德基广场,南京市,玄武区
13832,及及广场,南京市,玄武区
13834,德基广场一期,南京市,玄武区
13836,新世界百货,南京市,玄武区
13837,玄武招商花园城,南京市,玄武区
13838,环亚凯瑟琳广场,南京市,玄武区
13839,紫金南苑商业中心,南京市,玄武区
13840,羲和商业广场,南京市,玄武区
13842,芳悦豪制冷设备配件金盛百货,南京市,玄武区
13844,金鹰北馆,南京市,玄武区
13846,钟鼎名悦广场,南京市,玄武区
13847,长青巷·桥头排骨,南京市,玄武区
13848,鼓楼·荔枝广场,南京市,玄武区
13870,金鹰国际广场,南京市,秦淮区
13875,东来荟邻生活广场,南京市,雨花台区
13876,久九伴生活广场,南京市,雨花台区
13877,供销商贸邻里中心岱山店,南京市,雨花台区
13878,南京虹悦城,南京市,雨花台区
13881,吾悦广场,南京市,雨花台区
13882,好街坊,南京市,雨花台区
13884,明发商业广场,南京市,雨花台区
13885,明发商业广场A1-3号楼,南京市,雨花台区
13886,明发商业广场D2-2号楼,南京市,雨花台区
13887,楚翘城,南京市,雨花台区
13888,汪海商业广场,南京市,雨花台区
13890,紫荆广场·花漫里,南京市,雨花台区
13891,花样年·花生唐,南京市,雨花台区
13892,证大喜玛拉雅购物中心,南京市,雨花台区
13893,邻里荟,南京市,雨花台区
13894,郁金香华联商厦,南京市,雨花台区
13895,雨桥·幸福城,南京市,雨花台区
13896,雨花世茂52+,南京市,雨花台区
13897,雨花客厅E·PARK,南京市,雨花台区
13898,顺德生活广场,南京市,雨花台区
14015,万达广场,南通市,崇川区
14016,世茂广场,南通市,崇川区
14017,京扬市集,南通市,崇川区
14018,八佰伴,南通市,崇川区
14019,南通CBD大有境,南通市,崇川区
14022,南通市凤凰文化广场,南通市,崇川区
14023,印象城,南通市,崇川区
14024,喜悦汇商业广场,南通市,崇川区
14027,圆融购物中心,南通市,崇川区
14028,复悦里,南通市,崇川区
14029,奥特莱斯购物广场,南通市,崇川区
14030,崇川大有境,南通市,崇川区
14031,文峰大世界,南通市,崇川区
14034,王府井生活中心,南通市,崇川区
14036,福地商业广场,南通市,崇川区
14037,紫琅新天地,南通市,崇川区
14039,金鹰购物中心,南通市,崇川区
14223,万博时尚广场,常州市,天宁区
14224,万都商业广场,常州市,天宁区
14228,九龙商贸城A座,常州市,天宁区
14231,地下百货商场,常州市,天宁区
14233,天宁商都B座,常州市,天宁区
14234,天宁时代广场,常州市,天宁区
14235,常州万象城,常州市,天宁区
14236,常州弘阳广场,常州市,天宁区
14238,新铁茂购物中心,常州市,天宁区
14240,时尚莱迪购物广场,常州市,天宁区
14241,易美惠mall,常州市,天宁区
14243,翠竹商场,常州市,天宁区
14244,聚鑫商务广场,常州市,天宁区
14245,邻里都汇,常州市,天宁区
14246,金百商业广场6号楼,常州市,天宁区
14247,青龙·邻里中心,常州市,天宁区
14262,常州新北万达广场,常州市,新北区
14265,江南环球港,常州市,新北区
14273,万博生活广场,常州市,武进区
14274,东风商场,常州市,武进区
14275,中梁百悦广场,常州市,武进区
14276,凯尔LOMO广场,常州市,武进区
14277,又一城,常州市,武进区
14278,吾悦广场,常州市,武进区
14279,好买特购物中心,常州市,武进区
14281,富克斯流行广场,常州市,武进区
14282,常州510碧乐时光,常州市,武进区
14283,常州歌林公园,常州市,武进区
14284,常州武进万达广场,常州市,武进区
14285,新华联商场,常州市,武进区
14286,新怡华生活购物广场,常州市,武进区
14289,星河COCO City,常州市,武进区
14291,武进人民商场,常州市,武进区
14292,武进购物中心,常州市,武进区
14293,百盛购物广场(雪建路),常州市,武进区
14294,科教城北广场,常州市,武进区
14295,苏宁生活广场,常州市,武进区
14297,银谷广场,常州市,武进区
14301,八佰伴,常州市,溧阳市
14398,万达广场,徐州市,云龙区
14399,世茂广场,徐州市,云龙区
14400,中央商场百大广场,徐州市,云龙区
14401,中山堂商业广场,徐州市,云龙区
14403,国营青年商场,徐州市,云龙区
14404,增直商城,徐州市,云龙区
14405,宣武商贸城,徐州市,云龙区
14406,尚仕名邸商业广场,徐州市,云龙区
14409,徐州宣武商贸城2楼82275号,徐州市,云龙区
14410,徐州招商花园城,徐州市,云龙区
14411,徐州爱琴海购物中心,徐州市,云龙区
14412,徐州绿地缤纷城,徐州市,云龙区
14413,戏马台时尚广场,徐州市,云龙区
14414,新世纪商业广场,徐州市,云龙区
14416,楚岳广场,徐州市,云龙区
14417,紫金生活广场,徐州市,云龙区
14418,绿地生活购物中心,徐州市,云龙区
14419,美的广场,徐州市,云龙区
14420,蓝天商业大楼,徐州市,云龙区
14421,鑫朝阳,徐州市,云龙区
14588,徐州彭城苏宁广场,徐州市,鼓楼区
14596,金鹰国际购物中心-A座,徐州市,鼓楼区
14702,扬州万象汇,扬州市,邗江区
14713,金鹰,扬州市,邗江区
14749,宜兴八佰伴购物中心,无锡市,宜兴市
14788,11生活广场,无锡市,新吴区
14789,万悦集,无锡市,新吴区
14790,万科邻里家,无锡市,新吴区
14791,万达广场,无锡市,新吴区
14792,新之城全生活广场A区,无锡市,新吴区
14794,新之城购物广场,无锡市,新吴区
14796,新区哥伦布广场,无锡市,新吴区
14798,新安感知睦邻中心,无锡市,新吴区
14799,无锡市新吴区珺悦MALL,无锡市,新吴区
14800,无锡招商城1号楼A,无锡市,新吴区
14801,无锡新吴宝龙广场,无锡市,新吴区
14803,无锡高新万达广场,无锡市,新吴区
14804,梅村五洲国际广场,无锡市,新吴区
14805,欧陆风情广场(行创六路),无锡市,新吴区
14806,溪悦邻里中心,无锡市,新吴区
14807,瑞港商业广场,无锡市,新吴区
14808,百联奥特莱斯广场,无锡市,新吴区
14811,美新广场,无锡市,新吴区
14812,茂业百货,无锡市,新吴区
14813,T12时尚购物中心,无锡市,梁溪区
14814,万达广场,无锡市,梁溪区
14815,五洲银河城,无锡市,梁溪区
14816,凤凰天街,无锡市,梁溪区
14817,大东方广场A座,无锡市,梁溪区
14818,大东方百货,无锡市,梁溪区
14819,广益五洲哥伦布广场,无锡市,梁溪区
14820,彩旸广场,无锡市,梁溪区
14821,无锡光华时代广场,无锡市,梁溪区
14822,无锡八佰伴(中山路),无锡市,梁溪区
14823,无锡圆融购物中心,无锡市,梁溪区
14825,无锡梁溪爱琴海购物中心,无锡市,梁溪区
14826,百盛,无锡市,梁溪区
14827,碧乐城,无锡市,梁溪区
14828,红梅广场,无锡市,梁溪区
14829,美邻中心,无锡市,梁溪区
14830,茂业天地,无锡市,梁溪区
14833,茂业天地B座,无锡市,梁溪区
14835,金悦广场,无锡市,梁溪区
14836,锡上MONO,无锡市,梁溪区
14837,阳光奥特莱斯,无锡市,梁溪区
14843,八佰伴A馆,无锡市,江阴市
14874,无锡万象城,无锡市,滨湖区
14888,Livat荟聚,无锡市,锡山区
14891,丰汇欢乐广场,无锡市,锡山区
14892,九里东韵生活广场,无锡市,锡山区
14893,九里仓,无锡市,锡山区
14896,八士天富广场,无锡市,锡山区
14897,厚桥商城,无锡市,锡山区
14898,天富购物广场,无锡市,锡山区
14899,新时代购物,无锡市,锡山区
14900,星叶生活广场,无锡市,锡山区
14901,欧特福购物中心,无锡市,锡山区
14902,润发购物中心,无锡市,锡山区
14903,红豆·万花城,无锡市,锡山区
14907,荟聚·无锡购物中心北区,无锡市,锡山区
14909,迎乐福生活购物中心,无锡市,锡山区
14910,银乐福购物广场,无锡市,锡山区
14911,锡山商贸城,无锡市,锡山区
14998,泰州万象城,泰州市,海陵区
15004,金鹰国际购物中心,泰州市,海陵区
15110,中央国际新亚广场,淮安市,清江浦区
15122,淮安万象城,淮安市,清江浦区
15302,MALL国际,盐城市,盐都区
15304,凤凰金宝广场,盐城市,盐都区
15305,创美家商贸中心(开发大道),盐城市,盐都区
15306,华润橡树湾欢乐广场,盐城市,盐都区
15307,古月年华购物中心,盐城市,盐都区
15312,欧依尚·时尚生活广场,盐城市,盐都区
15313,欧特福生活超市,盐城市,盐都区
15314,盐城·新弄里,盐城市,盐都区
15315,盐城中南世纪城2A,盐城市,盐都区
15316,盐城盐都万达广场,盐城市,盐都区
15317,盐城魔力月光广场,盐城市,盐都区
15318,金鹰奥莱城F馆,盐城市,盐都区
15319,金鹰购物中心,盐城市,盐都区
15320,香槟商业广场,盐城市,盐都区
15340,SM城市广场,苏州市,吴中区
15341,万达广场,苏州市,吴中区
15342,丽丰购物中心,苏州市,吴中区
15343,印象城,苏州市,吴中区
15344,圆融时代广场,苏州市,吴中区
15346,天虹商场,苏州市,吴中区
15347,悠方,苏州市,吴中区
15348,新光天地,苏州市,吴中区
15349,方洲邻里中心A栋,苏州市,吴中区
15350,时尚舞台奥特莱斯,苏州市,吴中区
15352,景城邻里中心,苏州市,吴中区
15354,永旺梦乐城,苏州市,吴中区
15357,苏州久光百货,苏州市,吴中区
15358,苏州协鑫广场,苏州市,吴中区
15359,苏州奥体中心商业广场,苏州市,吴中区
15360,苏州湾歌林公园,苏州市,吴中区
15361,邻瑞广场,苏州市,吴中区
15363,龙湖·苏州东吴天街,苏州市,吴中区
15364,龙湖·苏州星湖天街,苏州市,吴中区
15386,苏州吴江万象汇,苏州市,吴江区
15482,曼巴特购物广场,苏州市,张家港市
15490,万达广场,苏州市,昆山市
15492,世茂广场,苏州市,昆山市
15494,中骏世界城,苏州市,昆山市
15495,乐尚城市广场,苏州市,昆山市
15496,南星渎商业中心,苏州市,昆山市
15497,吾悦广场,苏州市,昆山市
15498,大渔湾湖滨风情商业街,苏州市,昆山市
15500,巴黎春天百货,苏州市,昆山市
15501,新江南·生活荟,苏州市,昆山市
15502,昆城广场,苏州市,昆山市
15504,昆山九方购物中心,苏州市,昆山市
15505,昆山商厦,苏州市,昆山市
15506,昆山招商花园城,苏州市,昆山市
15507,昆山碧乐时光,苏州市,昆山市
15508,昆山金鹰国际购物中心,苏州市,昆山市
15510,昆山钜潮荟,苏州市,昆山市
15511,西城后街商业广场,苏州市,昆山市
15512,超华城市广场,苏州市,昆山市
15513,金城商苑,苏州市,昆山市
15514,首创奥特莱斯,苏州市,昆山市
15535,苏州大悦城,苏州市,相城区
15538,龙湖苏州相城天街,苏州市,相城区
15562,龙湖·苏州狮山天街,苏州市,虎丘区
15764,镇江八佰伴,镇江市,京口区
16013,九江·联盛快乐城,九江市,浔阳区
16056,万达广场,南昌市,东湖区
16057,中山道8号,南昌市,东湖区
16058,南昌中金国际交易中心,南昌市,东湖区
16061,江旅·都市方舟,南昌市,东湖区
16062,淘宝街地下商场,南昌市,东湖区
16063,潮玩天地,南昌市,东湖区
16064,百盛A馆,南昌市,东湖区
16069,裕滔广场,南昌市,东湖区
16070,财富购物广场,南昌市,东湖区
16071,长申购物广场,南昌市,东湖区
16072,香港苏尔玛购物中心,南昌市,东湖区
16135,万达广场,南昌市,红谷滩区
16136,世茂广场,南昌市,红谷滩区
16137,南昌T16购物中心,南昌市,红谷滩区
16138,南昌万象城,南昌市,红谷滩区
16139,南昌华盛奥特莱斯,南昌市,红谷滩区
16141,南昌融创茂,南昌市,红谷滩区
16142,印象城,南昌市,红谷滩区
16143,和昌熙梦里,南昌市,红谷滩区
16144,和昌里,南昌市,红谷滩区
16145,地铁·更新天地,南昌市,红谷滩区
16147,天虹购物中心,南昌市,红谷滩区
16150,明园中心,南昌市,红谷滩区
16151,普菲特生活广场,南昌市,红谷滩区
16152,未来谷3C广场,南昌市,红谷滩区
16153,欧罗巴广场,南昌市,红谷滩区
16156,绿地缤纷城,南昌市,红谷滩区
16157,绿地缤纷城-左邻,南昌市,红谷滩区
16158,绿地缤纷城右里,南昌市,红谷滩区
16159,联发广场天虹商场店,南昌市,红谷滩区
16193,南昌颐高广场,南昌市,青云谱区
16194,博苑·象湖茗居2期商业综合体(建设中),南昌市,青云谱区
16196,星悦汇,南昌市,青云谱区
16199,王府井购物中心,南昌市,青云谱区
16200,香悦里商业广场,南昌市,青云谱区
16435,硕果时代购物中心,抚州市,临川区
16703,万盛购物中心,赣州市,章贡区
16704,万达广场,赣州市,章贡区
16706,中创花生唐,赣州市,章贡区
16707,云星世纪广场,赣州市,章贡区
16708,华泓· 智乐广场,赣州市,章贡区
16709,国光百货,赣州市,章贡区
16710,天虹商场,赣州市,章贡区
16711,天誉广场,赣州市,章贡区
16712,招商局中心裙楼商业区,赣州市,章贡区
16713,新友好商城,赣州市,章贡区
16714,新都汇生活广场,赣州市,章贡区
16715,杉杉奥特莱斯广场·赣州,赣州市,章贡区
16716,森茂购物中心,赣州市,章贡区
16717,步步高·新天地,赣州市,章贡区
16718,泽丰欢乐汇,赣州市,章贡区
16719,王府井购物中心,赣州市,章贡区
16720,综保区商业广场,赣州市,章贡区
16721,舒米百货,赣州市,章贡区
16722,赣南大学城文化广场,赣州市,章贡区
16724,赣州君尚购物中心,赣州市,章贡区
16725,赣州招商花园城,赣州市,章贡区
16726,金钻广场,赣州市,章贡区
16727,锦晖广场,赣州市,章贡区
16940,保定万博广场,保定市,竞秀区
16946,北国先天下,保定市,竞秀区
16956,万达广场,保定市,莲池区
16957,东风商贸广场,保定市,莲池区
16958,保定商场,保定市,莲池区
16959,保定爱情广场,保定市,莲池区
16960,保定百货大楼,保定市,莲池区
16961,保定裕华名品商场,保定市,莲池区
16963,信誉楼百货,保定市,莲池区
16964,前卫生活广场,保定市,莲池区
16965,北国商城,保定市,莲池区
16966,华大购物广场,保定市,莲池区
16967,四通时尚购物广场(永华北大街),保定市,莲池区
16969,总督署广场,保定市,莲池区
16971,明华高科城,保定市,莲池区
16973,福泰商厦(恒祥北大街),保定市,莲池区
16974,群烨商城,保定市,莲池区
16975,花倾城广场,保定市,莲池区
16976,金桥商城,保定市,莲池区
16977,鑫丰市场G区,保定市,莲池区
16979,钟楼商厦,保定市,莲池区
16980,银座商城,保定市,莲池区
17186,东汇生活广场,唐山市,路北区
17187,五联百货,唐山市,路北区
17188,人民购物广场,唐山市,路北区
17189,八方购物广场,唐山市,路北区
17191,凤凰购物广场,唐山市,路北区
17192,凤城国际广场,唐山市,路北区
17195,华岩商业广场,唐山市,路北区
17197,吾悦广场,唐山市,路北区
17200,唐山百货大楼A座,唐山市,路北区
17201,唐山百货大楼集团(北新西道),唐山市,路北区
17202,唐山百货大楼集团,唐山市,路北区
17203,唐山百货大楼集团友谊购物广场,唐山市,路北区
17204,天一广场国际购物中心(未开业),唐山市,路北区
17206,振华诚成购物中心,唐山市,路北区
17207,爱琴海购物中心,唐山市,路北区
17208,美地生活广场,唐山市,路北区
17209,远洋城,唐山市,路北区
17210,雅颂庭购物中心,唐山市,路北区
17215,唐山万达广场,唐山市,路南区
17347,SW1960万达百货,廊坊市,广阳区
17351,万达广场,廊坊市,广阳区
17352,中太商业广场,廊坊市,广阳区
17353,乐晟广场,廊坊市,广阳区
17354,五味斋商厦,廊坊市,广阳区
17355,嘉华港湾,廊坊市,广阳区
17356,广阳商城,廊坊市,广阳区
17357,新世界悦活里,廊坊市,广阳区
17358,新朝阳购物中心,廊坊市,广阳区
17359,明珠大厦,廊坊市,广阳区
17362,月色广场,廊坊市,广阳区
17363,朝阳特价商城,廊坊市,广阳区
17365,荣盛环球中心,廊坊市,广阳区
17819,上海广场,沧州市,运河区
17820,中爱·世茂商城,沧州市,运河区
17821,人民商坊,沧州市,运河区
17822,华北商厦,沧州市,运河区
17826,同天购物中心,沧州市,运河区
17827,吾悦广场,沧州市,运河区
17828,国贸尚街,沧州市,运河区
17829,天元商厦(新华东路),沧州市,运河区
17831,小叶子青少儿购物中心,沧州市,运河区
17833,悦港城生活广场,沧州市,运河区
17834,沧州东塑明珠商贸城,沧州市,运河区
17835,沧州信誉楼商厦,沧州市,运河区
17836,沧州商城,沧州市,运河区
17837,狮城商场,沧州市,运河区
17838,狮城广场同天购物中心B座,沧州市,运河区
17839,理享山28号商场,沧州市,运河区
17840,颐和商城,沧州市,运河区
17841,颐和新天地东商城,沧州市,运河区
17842,颐和新天地西商城,沧州市,运河区
17970,万象城,石家庄市,桥西区
17975,北国商城,石家庄市,桥西区
18042,万达F区,石家庄市,裕华区
18043,万达广场(暂停营业),石家庄市,裕华区
18044,万达广场,石家庄市,裕华区
18045,世茂363,石家庄市,裕华区
18047,东明国际广场,石家庄市,裕华区
18048,中冶盛世国际广场·和悦汇,石家庄市,裕华区
18049,五洲MOCO,石家庄市,裕华区
18050,信誉楼百货,石家庄市,裕华区
18052,城投商贸广场,石家庄市,裕华区
18053,大马集团帝福源广场,石家庄市,裕华区
18054,富力城市广场,石家庄市,裕华区
18055,怀特商业广场,石家庄市,裕华区
18056,怀特国际商城,石家庄市,裕华区
18057,怀特聚星城,石家庄市,裕华区
18058,惠买商城(槐安东路辅路),石家庄市,裕华区
18059,新世隆广场,石家庄市,裕华区
18061,欢乐汇100FUN CITY,石家庄市,裕华区
18062,润德商贸城,石家庄市,裕华区
18064,石家庄高新万象汇,石家庄市,裕华区
18065,联邦购物广场,石家庄市,裕华区
18066,龙湖石家庄裕华星悦荟,石家庄市,裕华区
18100,万达广场,石家庄市,长安区
18103,东尚年轻力中心,石家庄市,长安区
18105,乐汇城,石家庄市,长安区
18106,勒泰中心,石家庄市,长安区
18107,北国先天下,石家庄市,长安区
18108,北国商城(益中百货),石家庄市,长安区
18109,北国商城益庄购物中心,石家庄市,长安区
18110,北城国际亲子广场,石家庄市,长安区
18111,国大时代广场,石家庄市,长安区
18112,天河通信广场,石家庄市,长安区
18114,新万宝商城,石家庄市,长安区
18115,新源蜂巢购物中心,石家庄市,长安区
18116,港悦广场,石家庄市,长安区
18119,美博城电商直播基地,石家庄市,长安区
18120,聚缘城,石家庄市,长安区
18121,蓝天商厦,石家庄市,长安区
18122,裕彤体育商业广场,石家庄市,长安区
18123,金正玩具城,石家庄市,长安区
18124,鑫利广场,石家庄市,长安区
18261,爱琴海购物广场,衡水市,桃城区
18338,邢台北国商城,邢台市,信都区
18475,新世纪中心,邯郸市,丛台区
18793,万国商厦,信阳市,平桥区
18794,万达广场,信阳市,平桥区
18795,中港商业新城,信阳市,平桥区
18796,五福购物广场,信阳市,平桥区
18797,亚兴生活广场,信阳市,平桥区
18798,亚兴购物广场,信阳市,平桥区
18799,信阳国际商城-西区,信阳市,平桥区
18800,信阳国际商城25号楼,信阳市,平桥区
18804,和兴百货,信阳市,平桥区
18805,国际商贸城,信阳市,平桥区
18806,大红门广场,信阳市,平桥区
18807,好运来商场,信阳市,平桥区
18808,广源商贸城,信阳市,平桥区
18809,恒大城市广场北区,信阳市,平桥区
18811,明港商业大世界1区,信阳市,平桥区
18812,甘岸名烟名酒,信阳市,平桥区
18813,百家来生活广场,信阳市,平桥区
18816,西亚丽宝广场,信阳市,平桥区
18817,金水源商贸城,信阳市,平桥区
18951,万悦城,南阳市,卧龙区
19187,万顺达百货,周口市,川汇区
19389,UDV 河南商丘正弘汇,商丘市,梁园区
19629,万达广场,平顶山市,卫东区
19630,世界购物中心,平顶山市,卫东区
19631,东城国际购物中心,平顶山市,卫东区
19633,人民商场,平顶山市,卫东区
19634,百货商厦(开源路),平顶山市,卫东区
19637,鹰城方圆荟A馆,平顶山市,卫东区
20156,泉舜购物,洛阳市,洛龙区
20178,长申国际,洛阳市,涧西区
20196,丹尼斯大卫天地,洛阳市,西工区
20436,万达广场,焦作市,解放区
20546,万达广场,许昌市,魏都区
20547,六一商城,许昌市,魏都区
20549,恒达利商贸城,许昌市,魏都区
20550,新玛特,许昌市,魏都区
20551,新田360广场,许昌市,魏都区
20552,正旺购物中心,许昌市,魏都区
20553,绿洲·梦想广场,许昌市,魏都区
20554,绿洲梦想广场C座,许昌市,魏都区
20555,胖东来时代广场,许昌市,魏都区
20556,银座,许昌市,魏都区
20570,万科生活广场,郑州市,中原区
20571,万达广场,郑州市,中原区
20573,中原商贸城,郑州市,中原区
20577,帝湖商场,郑州市,中原区
20578,探十里,郑州市,中原区
20579,星辰·万科生活广场,郑州市,中原区
20580,朗悦公园茂,郑州市,中原区
20583,朗悦公园茂家庭茂,郑州市,中原区
20584,朗悦新悦荟,郑州市,中原区
20585,正弘生活广场,郑州市,中原区
20586,王府井城市奥莱,郑州市,中原区
20587,翰林商业广场,郑州市,中原区
20588,荣运生活广场,郑州市,中原区
20589,郑州华强广场,郑州市,中原区
20590,郑州锦艺城购物中心,郑州市,中原区
20591,锦艺城C区,郑州市,中原区
20594,高新万科广场,郑州市,中原区
20637,郑州二七万象城,郑州市,二七区
20638,郑州二七万达广场,郑州市,二七区
20670,万达广场,郑州市,惠济区
20671,凯诺新都汇商业中心,郑州市,惠济区
20672,利海商业广场,郑州市,惠济区
20673,升龙商业广场,郑州市,惠济区
20674,华商万汇城,郑州市,惠济区
20675,博金商贸城,郑州市,惠济区
20678,月湖广场,郑州市,惠济区
20679,生活广场,郑州市,惠济区
20680,福都广场,郑州市,惠济区
20681,美景·欢乐广场,郑州市,惠济区
20682,艺茂国际仓,郑州市,惠济区
20685,黄河富景生态世界旅游购物处,郑州市,惠济区
20794,CityOn熙地港(郑州)购物中心,郑州市,金水区
20796,万达坊,郑州市,金水区
20798,丹尼斯5天地,郑州市,金水区
20799,丹尼斯7天地,郑州市,金水区
20800,丹尼斯·大卫城,郑州市,金水区
20802,丹尼斯百货,郑州市,金水区
20805,大旺城购物中心,郑州市,金水区
20806,太格茂,郑州市,金水区
20807,宝龙广场,郑州市,金水区
20808,新田360广场,郑州市,金水区
20810,星光城购物中心,郑州市,金水区
20812,木色MUSE·PARK,郑州市,金水区
20814,王府井百货,郑州市,金水区
20815,硅谷广场,郑州市,金水区
20816,郑州印象汇,郑州市,金水区
20817,郑州天旺广场,郑州市,金水区
20818,郑州郑东万象城,郑州市,金水区
21050,丽水银泰城,丽水市,莲都区
21149,CC广场,台州市,温岭市
21150,万盛商厦,台州市,温岭市
21151,万达广场,台州市,温岭市
21153,九龙万象城购物中心,台州市,温岭市
21154,九龙商圈时代广场购物中心,台州市,温岭市
21155,九龙新天地,台州市,温岭市
21156,九龙阳光城购物中心,台州市,温岭市
21157,佳源豪成贝利商业广场,台州市,温岭市
21159,嘉凯城城市客厅,台州市,温岭市
21160,多方里,台州市,温岭市
21161,泽国购物中心,台州市,温岭市
21162,温岭城北商业中心,台州市,温岭市
21163,温岭市日杂商场,台州市,温岭市
21164,温岭市购物中心,台州市,温岭市
21165,温岭新天地,台州市,温岭市
21166,箬横商场,台州市,温岭市
21167,耀达百货,台州市,温岭市
21168,西溪商圈合岙商业楼,台州市,温岭市
21170,银泰百货,台州市,温岭市
21171,锦悦城,台州市,温岭市
21172,锦昌商厦,台州市,温岭市
21173,锦江购物中心,台州市,温岭市
21236,嘉兴八佰伴,嘉兴市,南湖区
21511,宁波万象城,宁波市,江北区
21516,宁波来福士广场,宁波市,江北区
21580,宁波万象汇,宁波市,鄞州区
21582,宁波环球银泰城,宁波市,鄞州区
21586,宁波阪急,宁波市,鄞州区
21588,明州里,宁波市,鄞州区
21595,龙湖宁波鄞州天街,宁波市,鄞州区
21622,杭州万象城,杭州市,上城区
21628,杭州湖滨银泰in77,杭州市,上城区
21703,杭州城北万象城,杭州市,余杭区
21705,杭州西溪印象城,杭州市,余杭区
21757,杭州中心,杭州市,拱墅区
21758,杭州嘉里中心,杭州市,拱墅区
21760,杭州大厦,杭州市,拱墅区
21765,杭州大悦城,杭州市,拱墅区
21772,银泰百货,杭州市,拱墅区
21802,三江商厦,杭州市,滨江区
21803,中南乐游城,杭州市,滨江区
21804,中南国际商城,杭州市,滨江区
21805,中赢国际生活广场,杭州市,滨江区
21806,九宜城,杭州市,滨江区
21807,华联·星光大道2期,杭州市,滨江区
21811,星光国际广场,杭州市,滨江区
21814,星光大道1期,杭州市,滨江区
21815,星光百货,杭州市,滨江区
21816,星澜里,杭州市,滨江区
21817,星荟广场,杭州市,滨江区
21818,江南樱花里,杭州市,滨江区
21819,滨悦城,杭州市,滨江区
21822,鑫都汇·城市生活广场,杭州市,滨江区
21823,银泰百货,杭州市,滨江区
21826,龙湖杭州滨江天街,杭州市,滨江区
21827,ITC归谷国际中心·钱江印,杭州市,萧山区
21828,TT8号街,杭州市,萧山区
21829,加州阳光·开元广场,杭州市,萧山区
21830,南江商业中心,杭州市,萧山区
21831,印力汇德隆杭州奥体印象城,杭州市,萧山区
21832,子夜广场,杭州市,萧山区
21833,星光天地,杭州市,萧山区
21834,朝龙汇D+PARK,杭州市,萧山区
21835,杭州市·天林广场,杭州市,萧山区
21836,杭州萧山万象汇,杭州市,萧山区
21837,杭州萧山宝龙广场,杭州市,萧山区
21838,汇德隆购物中心,杭州市,萧山区
21839,汇金·星座标,杭州市,萧山区
21840,萧山众安广场,杭州市,萧山区
21841,萧山开元广场,杭州市,萧山区
21842,萧山新世纪广场,杭州市,萧山区
21843,融创·乐融荟,杭州市,萧山区
21845,金城广场,杭州市,萧山区
21846,金帝T-ONE MO,杭州市,萧山区
21847,金迪幸福里商业中心,杭州市,萧山区
21848,金马快乐城,杭州市,萧山区
21849,银泰百货,杭州市,萧山区
21850,银隆百货,杭州市,萧山区
21876,龙湖杭州西溪天街,杭州市,西湖区
21901,龙湖杭州金沙天街,杭州市,钱塘区
21989,丽岙商会广场,温州市,瓯海区
21990,丽岙商场,温州市,瓯海区
21991,亚新商城,温州市,瓯海区
21992,亿象城,温州市,瓯海区
21993,全球商品贸易港,温州市,瓯海区
21994,创荣商业广场,温州市,瓯海区
21995,国际真皮大世界A5,温州市,瓯海区
21996,埭头购物商城,温州市,瓯海区
21998,大象城,温州市,瓯海区
21999,太一广场,温州市,瓯海区
22000,宏地壹品广场,温州市,瓯海区
22001,新桥商业广场(国鼎路),温州市,瓯海区
22003,欧尚春天商业广场,温州市,瓯海区
22004,温大C区综合商场,温州市,瓯海区
22009,百信·学子家园购物中心,温州市,瓯海区
22010,莱蒙奥莱中心,温州市,瓯海区
22011,购物中心,温州市,瓯海区
22012,铂龙商业广场,温州市,瓯海区
22013,银泰百货,温州市,瓯海区
22042,温州印象城MEGA,温州市,鹿城区
22045,温州滨江万象城,温州市,鹿城区
22063,TRA WELL崇悦广场,温州市,龙湾区
22064,万达广场,温州市,龙湾区
22066,九极奥特莱斯新车折扣店,温州市,龙湾区
22067,云创商业广场,温州市,龙湾区
22068,俏品购物中心,温州市,龙湾区
22071,城市蜂窝,温州市,龙湾区
22073,永昌堡邻里中心,温州市,龙湾区
22074,法派购物广场,温州市,龙湾区
22075,洪腾集团,温州市,龙湾区
22076,温州TOD国际新城印象汇,温州市,龙湾区
22078,滨海利玛广场,温州市,龙湾区
22079,潮品挚尚,温州市,龙湾区
22080,环游里购物中心,温州市,龙湾区
22081,瑞湖1号街购物广场,温州市,龙湾区
22082,空港崇悦广场,温州市,龙湾区
22084,通征购物中心,温州市,龙湾区
22085,邻里广场,温州市,龙湾区
22086,龙湾购物中心,温州市,龙湾区
22100,万达广场,湖州市,吴兴区
22102,凤凰时代广场,湖州市,吴兴区
22104,吾悦广场,湖州市,吴兴区
22105,四季淘宝城,湖州市,吴兴区
22106,大东商贸中心,湖州市,吴兴区
22107,新天地商贸中心,湖州市,吴兴区
22109,星火百货,湖州市,吴兴区
22111,星火购物,湖州市,吴兴区
22112,梅地亚广场,湖州市,吴兴区
22114,永辉城市生活广场,湖州市,吴兴区
22116,浙北生活,湖州市,吴兴区
22117,浙北购物中心,湖州市,吴兴区
22118,湖州爱山银泰城,湖州市,吴兴区
22119,湖州福莱福百货贸易有限公司,湖州市,吴兴区
22120,湖州首创奥特莱斯,湖州市,吴兴区
22121,湖盛仁皇山生活广场,湖州市,吴兴区
22122,织里国际轻纺城,湖州市,吴兴区
22123,观凤商城,湖州市,吴兴区
22124,鑫森广场,湖州市,吴兴区
22251,万达广场,绍兴市,柯桥区
22253,上海如海超市(下大线),绍兴市,柯桥区
22255,中意奥特莱斯,绍兴市,柯桥区
22256,利佰家商业广场,绍兴市,柯桥区
22258,华联国际商贸城(群贤路),绍兴市,柯桥区
22259,华能商城,绍兴市,柯桥区
22260,华舍商城,绍兴市,柯桥区
22261,新滨广场,绍兴市,柯桥区
22262,柯桥购物中心,绍兴市,柯桥区
22264,江桥商城,绍兴市,柯桥区
22265,绍兴市柯桥区滨海新天地绍肖印染厂有限公司,绍兴市,柯桥区
22269,蓝天·市心广场,绍兴市,柯桥区
22271,蓝天商业中心,绍兴市,柯桥区
22273,金桔商城,绍兴市,柯桥区
22275,锦麟天地购物中心,绍兴市,柯桥区
22320,金帝·银泰城,绍兴市,越城区
22382,东方商厦,衢州市,柯城区
22390,中百商厦(上街),衢州市,柯城区
22391,九洲商城,衢州市,柯城区
22392,凌云商场,衢州市,柯城区
22393,凯升广场,衢州市,柯城区
22394,名都商厦,衢州市,柯城区
22396,新湖家·生活广场,衢州市,柯城区
22398,水亭门购物中心,衢州市,柯城区
22399,爱琴海购物公园奥特莱斯,衢州市,柯城区
22400,衢州商城,衢州市,柯城区
22401,衢州时代生活广场,衢州市,柯城区
22402,衢州青悦里,衢州市,柯城区
22403,衢州鹿鸣岛银泰inPARK,衢州市,柯城区
22404,金银泰百货,衢州市,柯城区
22405,香榭丽广场,衢州市,柯城区
22463,义乌之心,金华市,义乌市
22509,万泰·公园大道购物广场,金华市,婺城区
22511,奥特莱斯,金华市,婺城区
22512,宾虹广场,金华市,婺城区
22513,帝壹城,金华市,婺城区
22514,恒大百货,金华市,婺城区
22516,百盛广场,金华市,婺城区
22519,第一百货江北店A馆,金华市,婺城区
22520,西华广场,金华市,婺城区
22523,金华大世界服装商场,金华市,婺城区
22524,金华旭辉广场,金华市,婺城区
22525,金华第一百货,金华市,婺城区
22526,金华领悦广场,金华市,婺城区
22528,金茂生活广场,金华市,婺城区
22529,银泰仓,金华市,婺城区
22530,银泰百货,金华市,婺城区
22532,银泰百货A馆,金华市,婺城区
22654,三亚国际免税城,三亚市,海棠区
22657,太古里(建设中),三亚市,海棠区
22763,新海港海口国际免税城,海口市,秀英区
22796,上邦百汇城,海口市,龙华区
22797,凯盛广场,海口市,龙华区
22798,友谊·南海城,海口市,龙华区
22801,吾悦广场,海口市,龙华区
22802,国度娱乐文化城,海口市,龙华区
22803,国潮城,海口市,龙华区
22804,城西商业广场,海口市,龙华区
22805,多宝利商业广场,海口市,龙华区
22806,宜欣城,海口市,龙华区
22807,新城吾悦广场S5,海口市,龙华区
22808,森免万国购,海口市,龙华区
22809,泰龙城,海口市,龙华区
22810,海南东方广场,海口市,龙华区
22811,海口N次方公园,海口市,龙华区
22812,海口万象城,海口市,龙华区
22813,海口百货大楼,海口市,龙华区
22814,深免海口观澜湖免税城,海口市,龙华区
22815,王府井海垦广场,海口市,龙华区
22818,西岭商业广场,海口市,龙华区
22819,金棕榈文化商业广场,海口市,龙华区
22820,龙湖海南海口天街,海口市,龙华区
23047,G4孝感服务区购物中心,孝感市,孝南区
23048,G70孝感服务区购物中心,孝感市,孝南区
23049,万达广场,孝感市,孝南区
23050,乾坤新城,孝感市,孝南区
23052,乾坤购物,孝感市,孝南区
23053,保丽国际广场,孝感市,孝南区
23054,午夜幻景,孝感市,孝南区
23057,天厦商城,孝感市,孝南区
23059,孝商集团天桥商场,孝感市,孝南区
23060,孝感商场,孝感市,孝南区
23061,孝感崇文广场,孝感市,孝南区
23062,宇济生活超市,孝感市,孝南区
23063,御景水岸玖越广场,孝感市,孝南区
23064,恒美达购物广场,孝感市,孝南区
23066,星悦茂,孝感市,孝南区
23067,民生商城,孝感市,孝南区
23068,百佳宏业商城,孝感市,孝南区
23069,金华时尚广场,孝感市,孝南区
23070,银泰城,孝感市,孝南区
23158,CBD·购物中心,宜昌市,西陵区
23159,CBD·购物中心-北楼,宜昌市,西陵区
23160,I Space铁路坝地下商场,宜昌市,西陵区
23161,T68创想城,宜昌市,西陵区
23162,UCC,宜昌市,西陵区
23165,华祥商业中心,宜昌市,西陵区
23166,吾悦广场,宜昌市,西陵区
23167,国贸南楼,宜昌市,西陵区
23168,国贸大厦北楼,宜昌市,西陵区
23169,大洋百货,宜昌市,西陵区
23170,宜昌吾悦广场-西区,宜昌市,西陵区
23171,时代购物广场,宜昌市,西陵区
23172,时光里,宜昌市,西陵区
23173,水悦城,宜昌市,西陵区
23174,金东山商业城A区,宜昌市,西陵区
23175,金缔购物公园,宜昌市,西陵区
23176,雅斯广场,宜昌市,西陵区
23177,馨岛城市广场,宜昌市,西陵区
23178,馨岛城市超市,宜昌市,西陵区
23286,永旺梦乐城,武汉市,东西湖区
23316,M758,武汉市,武昌区
23317,万隆广场,武汉市,武昌区
23318,中商世界里·销品茂,武汉市,武昌区
23319,中商广场,武汉市,武昌区
23321,假日乐园购物广场,武汉市,武昌区
23322,凯德1818,武汉市,武昌区
23323,印象里歌笛湖,武汉市,武昌区
23327,武商梦时代,武汉市,武昌区
23329,武汉SKP,武汉市,武昌区
23331,武汉滨江天街,武汉市,武昌区
23332,汉街万达,武汉市,武昌区
23333,泛悦Mall,武汉市,武昌区
23334,泛悦坊,武汉市,武昌区
23336,泛悦汇商业广场,武汉市,武昌区
23338,瑞景广场,武汉市,武昌区
23339,福客茂,武汉市,武昌区
23340,群星城,武汉市,武昌区
23396,上东汇广场,武汉市,江岸区
23398,娱非凡数码潮玩新荣天街店,武汉市,江岸区
23399,季佳·荟,武汉市,江岸区
23400,季佳·里华林,武汉市,江岸区
23402,新生活摩尔城,武汉市,江岸区
23403,新长盛广场,武汉市,江岸区
23404,武汉X118,武汉市,江岸区
23405,武汉万象城,武汉市,江岸区
23406,武汉天地壹方南馆西座,武汉市,江岸区
23408,武汉新天地北馆,武汉市,江岸区
23410,永旺梦乐城,武汉市,江岸区
23411,汉口城市广场,武汉市,江岸区
23417,潮流盒子·武汉X118,武汉市,江岸区
23420,马客茂Markmall,武汉市,江岸区
23421,M+购物中心,武汉市,江汉区
23423,万达广场,武汉市,江汉区
23424,中心百货,武汉市,江汉区
23425,中百·邻里汇,武汉市,江汉区
23426,华发中城商都,武汉市,江汉区
23429,季佳荟·新华家园,武汉市,江汉区
23430,新世界百货,武汉市,江汉区
23431,新佳丽时尚广场,武汉市,江汉区
23432,新唐万芊荟,武汉市,江汉区
23433,武商MALL,武汉市,江汉区
23434,武商MALLA1座,武汉市,江汉区
23436,武商MALL•世贸,武汉市,江汉区
23437,武展购物中心,武汉市,江汉区
23438,武汉泛悦南国中心店,武汉市,江汉区
23439,武汉越秀IFC国金天地,武汉市,江汉区
23440,民众乐园,武汉市,江汉区
23443,沿江一号Mall,武汉市,江汉区
23445,西园,武汉市,江汉区
23446,世界城广场,武汉市,洪山区
23447,东澜岸广场,武汉市,洪山区
23449,中商徐东平价广场,武汉市,洪山区
23450,乐天城,武汉市,洪山区
23451,光谷国际广场,武汉市,洪山区
23452,光谷天地,武汉市,洪山区
23453,华罗利广场,武汉市,洪山区
23454,大洋晶典,武汉市,洪山区
23455,季佳·荟雄楚,武汉市,洪山区
23456,悦活里生活广场,武汉市,洪山区
23457,新世界百货,武汉市,洪山区
23459,武汉保利广场,武汉市,洪山区
23460,武汉光谷K11,武汉市,洪山区
23461,武汉大悦城,武汉市,洪山区
23462,泛悦·城市奥特莱斯,武汉市,洪山区
23463,洪山万科广场ViviLand,武汉市,洪山区
23465,维佳体验城,武汉市,洪山区
23466,群光广场,武汉市,洪山区
23469,龙湖武汉白沙天街,武汉市,洪山区
23489,武汉荟聚,武汉市,硚口区
23532,OUTLETS,武汉市,黄陂区
23533,万达广场,武汉市,黄陂区
23534,中城时代百尚购物广场,武汉市,黄陂区
23538,名流城市商业广场,武汉市,黄陂区
23540,和洋购物广场,武汉市,黄陂区
23541,奥特莱斯,武汉市,黄陂区
23542,奥莱之星城市广场,武汉市,黄陂区
23543,德成生活中心,武汉市,黄陂区
23544,木兰国际广场,武汉市,黄陂区
23547,汉口北中环商贸新城,武汉市,黄陂区
23548,汉口北国际商品交易中心日用品城,武汉市,黄陂区
23549,汉口北国际贸易城,武汉市,黄陂区
23550,百尚购物中心,武汉市,黄陂区
23552,百联奥特莱斯主题公园,武汉市,黄陂区
23553,百联奥特莱斯广场东区,武汉市,黄陂区
23555,黄陂广场,武汉市,黄陂区
23674,荆州古城万达广场,荆州市,荆州区
23876,民发世纪广场,襄阳市,襄州区
24075,万达广场,黄冈市,黄州区
24359,常德万达广场,常德市,武陵区
24616,王府·星Mall,株洲市,芦淞区
24895,万达广场,益阳市,赫山区
24960,万达广场,衡阳市,蒸湘区
25178,7mall美食潮地标,长沙市,天心区
25179,南郊生活广场,长沙市,天心区
25180,南门口1662主题购物中心,长沙市,天心区
25181,叮叮mall,长沙市,天心区
25182,天虹商场,长沙市,天心区
25183,幸福里商业广场,长沙市,天心区
25184,德盛欢乐广场,长沙市,天心区
25185,悠优港,长沙市,天心区
25186,悦方ID Mall北区,长沙市,天心区
25188,摩天商业广场,长沙市,天心区
25189,新天地(步行商业街),长沙市,天心区
25192,海信广场,长沙市,天心区
25193,王府井百货,长沙市,天心区
25194,环宇城,长沙市,天心区
25195,荣悦台商业广场,长沙市,天心区
25196,鑫悦汇,长沙市,天心区
25197,长沙印象汇,长沙市,天心区
25198,长沙友阿奥特莱斯,长沙市,天心区
25199,长沙悦方ID MALL,长沙市,天心区
25202,黄兴路步行街中心广场,长沙市,天心区
25228,24品生活中心,长沙市,岳麓区
25229,Livat荟聚,长沙市,岳麓区
25230,万达广场,长沙市,岳麓区
25232,佳兴国际·汇,长沙市,岳麓区
25233,凯德·壹中心,长沙市,岳麓区
25235,悦购广场,长沙市,岳麓区
25236,新城龙湖洋湖天街A1馆,长沙市,岳麓区
25237,欢乐颂Outlets,长沙市,岳麓区
25238,步步高广场,长沙市,岳麓区
25239,步步高梅溪新天地,长沙市,岳麓区
25241,渔人码头12栋,长沙市,岳麓区
25242,湘腾城市广场,长沙市,岳麓区
25243,罗马商业广场,长沙市,岳麓区
25244,观沙岭招商花园城,长沙市,岳麓区
25245,通程商业广场,长沙市,岳麓区
25247,金茂览秀城,长沙市,岳麓区
25248,长沙万象城,长沙市,岳麓区
25249,长沙保利时光汇,长沙市,岳麓区
25250,长沙王府井FAMILY PARK购物中心,长沙市,岳麓区
25252,龙湖长沙洋湖天街A2馆,长沙市,岳麓区
25272,长沙北辰荟,长沙市,开福区
25329,TX长沙年轻力中心,长沙市,芙蓉区
25330,万家丽国际购物广场,长沙市,芙蓉区
25331,东岸城邦商业广场,长沙市,芙蓉区
25332,东盈商业广场,长沙市,芙蓉区
25333,乐和城南区,长沙市,芙蓉区
25334,人民里商业中心,长沙市,芙蓉区
25335,华城广场,长沙市,芙蓉区
25336,友谊商店B座,长沙市,芙蓉区
25338,国际时尚生活购物广场,长沙市,芙蓉区
25339,好润佳购物中心,长沙市,芙蓉区
25340,富华堂悦中心,长沙市,芙蓉区
25342,德政园商业广场,长沙市,芙蓉区
25343,新世界百货,长沙市,芙蓉区
25344,汇一广场,长沙市,芙蓉区
25345,美诺广场,长沙市,芙蓉区
25346,跨界广场,长沙市,芙蓉区
25347,远通商业广场,长沙市,芙蓉区
25348,长城·万悦汇,长沙市,芙蓉区
25349,长沙世茂52+,长沙市,芙蓉区
25350,长沙友谊,长沙市,芙蓉区
25351,马王堆商贸城-1栋,长沙市,芙蓉区
25352,龙湖长沙芙蓉天街,长沙市,芙蓉区
25355,中心商业广场,长沙市,长沙县
25357,人健商贸城,长沙市,长沙县
25358,吾悦广场,长沙市,长沙县
25359,和通超市,长沙市,长沙县
25360,开鑫商城,长沙市,长沙县
25361,恒大商业中心(恒大翡翠华庭东北),长沙市,长沙县
25362,恒生购物广场,长沙市,长沙县
25363,昌和购物中心,长沙市,长沙县
25364,星驰购物广场,长沙市,长沙县
25366,永旺超市,长沙市,长沙县
25367,百联奥特莱斯广场(湖南∙长沙),长沙市,长沙县
25368,福临和通商业城,长沙市,长沙县
25370,长沙保利广场,长沙市,长沙县
25371,长沙星沙万象汇,长沙市,长沙县
25372,长沙星沙永旺梦乐城,长沙市,长沙县
25373,长沙杉杉奥特莱斯广场,长沙市,长沙县
25374,长沙百联购物公园,长沙市,长沙县
25376,魔方,长沙市,长沙县
25378,G58智趣MALL,长沙市,雨花区
25379,东方悦邻Mall,长沙市,雨花区
25380,中设广场,长沙市,雨花区
25382,凯德广场,长沙市,雨花区
25383,友谊商城,长沙市,雨花区
25384,友阿奥特莱斯,长沙市,雨花区
25386,吉联MALL,长沙市,雨花区
25387,吾悦广场,长沙市,雨花区
25389,好润佳购物中心,长沙市,雨花区
25390,德思勤四季汇,长沙市,雨花区
25391,旭辉MALL,长沙市,雨花区
25392,梦和商业广场,长沙市,雨花区
25394,湖南雨花非遗馆,长沙市,雨花区
25396,溪悦荟,长沙市,雨花区
25397,西子商业中心,长沙市,雨花区
25398,通程奥特莱斯,长沙市,雨花区
25399,长沙汇金天虹购物中心,长沙市,雨花区
25400,雨花旭辉里,长沙市,雨花区
25402,高桥现代商贸城,长沙市,雨花区
25480,兰州万达茂,兰州市,七里河区
25481,兰州中心,兰州市,七里河区
25492,万达广场,兰州市,城关区
25493,东湖广场,兰州市,城关区
25494,东瓯世贸广场,兰州市,城关区
25495,东瓯国际儿童城,兰州市,城关区
25496,东部新世纪购物广场,兰州市,城关区
25497,亚欧商厦,兰州市,城关区
25498,兰州万象城,兰州市,城关区
25501,名城广场1号楼,兰州市,城关区
25502,国芳G99PARK生活公园,兰州市,城关区
25503,国芳G99购物中心,兰州市,城关区
25504,国芳中心,兰州市,城关区
25505,太平洋城,兰州市,城关区
25508,汇胜购物,兰州市,城关区
25509,爱琴海城市广场(雁东路),兰州市,城关区
25510,王府井百货,兰州市,城关区
25514,盛达广场,兰州市,城关区
25515,金都广场,兰州市,城关区
26306,JFC品尚中心,厦门市,思明区
26307,SM新生活广场,厦门市,思明区
26309,中华城,厦门市,思明区
26311,加州商业广场,厦门市,思明区
26312,南中广场,厦门市,思明区
26313,厦门万象城,厦门市,思明区
26314,厦门星河COCO Park,厦门市,思明区
26316,厦门禹悦汇,厦门市,思明区
26318,天虹购物中心,厦门市,思明区
26319,奥永广场,厦门市,思明区
26320,宝嘉CCPARK 潮流艺术街区,厦门市,思明区
26321,宝龙一城,厦门市,思明区
26322,思明欢乐颂商场,厦门市,思明区
26323,明发商业广场,厦门市,思明区
26324,梧村地下商业街·中闽百汇商场,厦门市,思明区
26325,演武1658,厦门市,思明区
26326,瑞景商业广场(莲前东路),厦门市,思明区
26327,磐基莲花里,厦门市,思明区
26328,罗宾森广场,厦门市,思明区
26329,老虎城欢乐购物中心,厦门市,思明区
26331,SM厦门海沧城市广场,厦门市,海沧区
26369,湾悦城购物中心,厦门市,湖里区
26397,厦门大悦城,厦门市,集美区
26478,东大路商业城,泉州市,丰泽区
26480,东海湾亲子广场,泉州市,丰泽区
26481,东海湾生活广场,泉州市,丰泽区
26482,中闽百汇商场,泉州市,丰泽区
26485,复悦·尚柏奥莱,泉州市,丰泽区
26486,大洋晶典,泉州市,丰泽区
26487,大洋百货,泉州市,丰泽区
26489,新天意购物广场,泉州市,丰泽区
26490,泉州商城,泉州市,丰泽区
26491,泉州浦西万达广场,泉州市,丰泽区
26492,环球城,泉州市,丰泽区
26493,祥泰商城,泉州市,丰泽区
26494,紫欣星悦城,泉州市,丰泽区
26496,金钥匙广场,泉州市,丰泽区
26497,鑫源国贸商城,泉州市,丰泽区
26498,青体汇Sports Mall,泉州市,丰泽区
26499,食尚新街市,泉州市,丰泽区
26500,香港城,泉州市,丰泽区
26502,香缤·维港广场,泉州市,丰泽区
26582,SM泉州晋江城市广场,泉州市,晋江市
26583,万业汇,泉州市,晋江市
26584,万丰盛购物广场(奇盛商务大厦东),泉州市,晋江市
26585,万达广场,泉州市,晋江市
26586,上悦城购物中心,泉州市,晋江市
26587,中闽好生活超市,泉州市,晋江市
26588,五里文化生活广场,泉州市,晋江市
26589,优越广场南区,泉州市,晋江市
26590,佳佳兴购物广场,泉州市,晋江市
26591,利得龙购物广场,泉州市,晋江市
26594,宝美工业广场,泉州市,晋江市
26595,家乐华购物中心,泉州市,晋江市
26596,新一方购物广场,泉州市,晋江市
26597,晋江宝龙广场,泉州市,晋江市
26600,百捷上悦城,泉州市,晋江市
26601,福龙商厦,泉州市,晋江市
26602,美福广场,泉州市,晋江市
26603,邻鲜邦来福隆购物广场,泉州市,晋江市
26604,金童五里广场,泉州市,晋江市
26606,阳光百货,泉州市,晋江市
26658,万星城购物中心,泉州市,鲤城区
26659,万祥商城A区,泉州市,鲤城区
26660,万祥商城电子商务集聚区,泉州市,鲤城区
26661,万达广场,泉州市,鲤城区
26662,万达广场(装修中),泉州市,鲤城区
26664,中闽百汇商场,泉州市,鲤城区
26666,中闽百汇奥特莱斯超市,泉州市,鲤城区
26667,华侨中心,泉州市,鲤城区
26668,印象汇,泉州市,鲤城区
26669,友谊广场,泉州市,鲤城区
26670,大福城购物广场,泉州市,鲤城区
26671,开元盛世广场,泉州市,鲤城区
26673,总站商贸城E区,泉州市,鲤城区
26674,总站商贸城L区,泉州市,鲤城区
26676,江南商贸城,泉州市,鲤城区
26677,百汇购物,泉州市,鲤城区
26678,福建泉州旅游购物中心,泉州市,鲤城区
26680,聚宝大厦商场,泉州市,鲤城区
26681,迎春购物中心,泉州市,鲤城区
26769,1735金塘广场,福州市,仓山区
26770,万达广场,福州市,仓山区
26772,世纪金源购物中心,福州市,仓山区
26773,中骏世界城,福州市,仓山区
26775,奥体阳光天地,福州市,仓山区
26777,川正购物广场,福州市,仓山区
26778,恒荣星光里·一期,福州市,仓山区
26779,新华都恒升中心,福州市,仓山区
26780,新天宇城市购物广场,福州市,仓山区
26781,明腾广场,福州市,仓山区
26782,永辉城市生活广场,福州市,仓山区
26783,汇达广场,福州市,仓山区
26784,福州东百,福州市,仓山区
26785,福州仓山欢乐颂,福州市,仓山区
26786,福州远洋德呈乐堤港,福州市,仓山区
26787,福建商业广场,福州市,仓山区
26790,融侨里,福州市,仓山区
26791,金城湾广场,福州市,仓山区
26792,金山万科里,福州市,仓山区
26794,万象九宜城,福州市,台江区
26795,万达广场,福州市,台江区
26796,三可小镇,福州市,台江区
26797,东百元洪城,福州市,台江区
26798,东百运动生活城,福州市,台江区
26800,儒商楼,福州市,台江区
26801,兴福兴购物广场,福州市,台江区
26802,南星商城,福州市,台江区
26804,天华天街商贸城,福州市,台江区
26805,太平洋·茶亭里,福州市,台江区
26806,好莱钨主题百货,福州市,台江区
26807,宝龙城市广场东区,福州市,台江区
26809,宝龙广场,福州市,台江区
26810,家乐汇商城,福州市,台江区
26812,白马路万科里,福州市,台江区
26813,百龄百货商场,福州市,台江区
26814,福州苏宁广场A区,福州市,台江区
26816,苏宁广场,福州市,台江区
26817,融侨中心Art Mall,福州市,台江区
26842,泰禾广场西区,福州市,晋安区
26947,供销商场,福州市,马尾区
26949,名城中心南区,福州市,马尾区
26950,名城广场,福州市,马尾区
26951,正荣财富中心,福州市,马尾区
26952,琅岐九龙商业中心,福州市,马尾区
26953,福州名城广场(北区),福州市,马尾区
26954,金海商贸中心,福州市,马尾区
26957,东百中心-C馆,福州市,鼓楼区
26976,福州万象城,福州市,鼓楼区
26995,万达广场,莆田市,城厢区
27047,万宝广场,龙岩市,新罗区
27101,世邦城市广场,拉萨市,城关区
27102,世邦首座,拉萨市,城关区
27104,乐百隆广场,拉萨市,城关区
27105,净土邻里中心,拉萨市,城关区
27106,力泰广场,拉萨市,城关区
27107,功德林天街,拉萨市,城关区
27108,北城新天地,拉萨市,城关区
27109,哈达购物广场,拉萨市,城关区
27110,哈达购物广场店,拉萨市,城关区
27111,嘎吉林广场,拉萨市,城关区
27112,圣威广场,拉萨市,城关区
27113,城市百货,拉萨市,城关区
27114,天海商业中心,拉萨市,城关区
27115,天海国际广场,拉萨市,城关区
27116,尼桑辰波商场,拉萨市,城关区
27117,拉萨城关万达广场,拉萨市,城关区
27118,拉萨百货大楼,拉萨市,城关区
27120,泰和国际,拉萨市,城关区
27121,珠峰伟业国际购物中心,拉萨市,城关区
27122,神力时代广场,拉萨市,城关区
27123,祥云广场,拉萨市,城关区
27124,诺桑商城,拉萨市,城关区
27125,雪雁街,拉萨市,城关区
27447,国贸广场,贵阳市,云岩区
27470,保利·国贸逸天城,贵阳市,南明区
27481,贵阳万象城,贵阳市,南明区
27482,贵阳亨特国际店,贵阳市,南明区
27529,万科广场,贵阳市,花溪区
27558,国贸金阳tpmall,贵阳市,观山湖区
27568,荔星中心,贵阳市,观山湖区
27570,贵阳万象汇,贵阳市,观山湖区
27636,国贸购物中心,遵义市,汇川区
27788,万达广场,黔东南苗族侗族自治州,凯里市
27789,世纪城百货,黔东南苗族侗族自治州,凯里市
27790,佳惠购物中心,黔东南苗族侗族自治州,凯里市
27791,凯旋奥特莱斯广场,黔东南苗族侗族自治州,凯里市
27792,凯里假日广场,黔东南苗族侗族自治州,凯里市
27794,凯里方圆荟购物广场,黔东南苗族侗族自治州,凯里市
27795,和家乐购物中心,黔东南苗族侗族自治州,凯里市
27796,嘉瑞名品广场,黔东南苗族侗族自治州,凯里市
27797,地下商场,黔东南苗族侗族自治州,凯里市
27799,天一商贸城,黔东南苗族侗族自治州,凯里市
27800,州建公司商场,黔东南苗族侗族自治州,凯里市
27801,易盛购物中心,黔东南苗族侗族自治州,凯里市
27802,星吉购物中心,黔东南苗族侗族自治州,凯里市
27803,状元府国际商贸城,黔东南苗族侗族自治州,凯里市
27804,琉森堡·万国城,黔东南苗族侗族自治州,凯里市
27806,纵横坐标商业广场,黔东南苗族侗族自治州,凯里市
27807,蝴蝶谷,黔东南苗族侗族自治州,凯里市
27808,蝴蝶谷城市商业广场,黔东南苗族侗族自治州,凯里市
27809,顺丰购物中心,黔东南苗族侗族自治州,凯里市
27934,黔南都匀万达广场,黔南布依族苗族自治州,都匀市
28060,6IXTY新玛特,大连市,中山区
28061,一方国际广场,大连市,中山区
28062,东北亚·堡兰国际,大连市,中山区
28063,伊歌美惠富丽华全球购生活馆,大连市,中山区
28064,佳兆业广场(长江路),大连市,中山区
28066,友谊商城,大连市,中山区
28067,名店坊(人民路),大连市,中山区
28068,大商集团贸易大世界(大众街),大连市,中山区
28069,大连商场,大连市,中山区
28071,大连地下商场,大连市,中山区
28072,大连新玛特购物休闲广场,大连市,中山区
28073,大连时代广场,大连市,中山区
28074,大连银泰城,大连市,中山区
28076,大都会快速时尚中心,大连市,中山区
28077,天和广场,大连市,中山区
28078,天植商城,大连市,中山区
28079,奥特莱特韩国商城,大连市,中山区
28080,新世界百货,大连市,中山区
28081,柏威年,大连市,中山区
28082,桃源奥莱,大连市,中山区
28083,胜利文化广场,大连市,中山区
28084,胜利购物长廊(荣盛街),大连市,中山区
28148,大连罗斯福广场,大连市,沙河口区
28192,万达广场,大连市,甘井子区
28193,东特购物广场,大连市,甘井子区
28195,乐都汇,大连市,甘井子区
28196,华南国际商城,大连市,甘井子区
28197,哈佛世纪购物商场,大连市,甘井子区
28198,大华锦绣国际,大连市,甘井子区
28199,大纺商场,大连市,甘井子区
28200,大连华南万象汇,大连市,甘井子区
28201,大连孚林商贸购物广场,大连市,甘井子区
28202,大连梭鱼湾杉杉奥莱,大连市,甘井子区
28203,安盛购物广场,大连市,甘井子区
28205,星河广场,大连市,甘井子区
28206,春熙购物广场,大连市,甘井子区
28207,水泉购物广场(泉水N3区南),大连市,甘井子区
28208,沃特时尚广场,大连市,甘井子区
28209,泡崖商城,大连市,甘井子区
28210,瑞沃广场,大连市,甘井子区
28211,百斯德绿天地,大连市,甘井子区
28213,辛盛综合商场,大连市,甘井子区
28214,辰华综合商场,大连市,甘井子区
28223,大连恒隆广场,大连市,西岗区
28238,亿合城,大连市,金州区
28441,万达广场,沈阳市,和平区
28444,五洲春天,沈阳市,和平区
28445,南市百货大楼,沈阳市,和平区
28446,博曼广场,沈阳市,和平区
28447,嘉荟生活广场,沈阳市,和平区
28449,新加坡眼镜批发城,沈阳市,和平区
28450,朵朵童世界,沈阳市,和平区
28451,欧亚沈阳联营公司,沈阳市,和平区
28452,沈阳K11购物艺术中心,沈阳市,和平区
28453,沈阳万象城,沈阳市,和平区
28454,沈阳中海环宇城,沈阳市,和平区
28456,沈阳朝鲜族百货大楼,沈阳市,和平区
28457,沈阳长白万象汇,沈阳市,和平区
28458,百盛购物中心,沈阳市,和平区
28459,维华商业广场,沈阳市,和平区
28461,赛隆广场,沈阳市,和平区
28462,阳光荟,沈阳市,和平区
28463,韩百商场,沈阳市,和平区
28465,鹿特丹万芊荟,沈阳市,和平区
28466,(瑞幸咖啡)龙之梦购物中心B1层,沈阳市,大东区
28467,wooha,沈阳市,大东区
28468,国瑞购物中心C馆,沈阳市,大东区
28469,大人糖沈阳大悦城,沈阳市,大东区
28470,大悦城,沈阳市,大东区
28472,大悦城B先锋馆,沈阳市,大东区
28475,大悦城中街D馆,沈阳市,大东区
28476,幸福路副食商场,沈阳市,大东区
28477,恒大商业中心,沈阳市,大东区
28478,新世界时尚广场,沈阳市,大东区
28479,新玛特,沈阳市,大东区
28480,沈阳中街吾悦广场,沈阳市,大东区
28481,沈阳国瑞购物中心,沈阳市,大东区
28482,沈阳大悦城E馆,沈阳市,大东区
28484,赤海超级卖场,沈阳市,大东区
28529,HAI乐园超级运动公园,沈阳市,沈河区
28530,HK01流行馆,沈阳市,沈河区
28532,中街·盛京龙城,沈阳市,沈河区
28534,五爱市场,沈阳市,沈河区
28535,佳兆业广场,沈阳市,沈河区
28537,华府天地购物中心,沈阳市,沈河区
28538,嘉里城,沈阳市,沈河区
28539,市府恒隆广场,沈阳市,沈河区
28540,星汇广场,沈阳市,沈河区
28541,沈阳·阳光新生活广场,沈阳市,沈河区
28542,沈阳商业城,沈阳市,沈河区
28543,沈阳奥莱城,沈阳市,沈河区
28544,沈阳春天,沈阳市,沈河区
28545,沈阳百联购物中心,沈阳市,沈河区
28546,沈阳罕王百货,沈阳市,沈河区
28548,深业美博广场,沈阳市,沈河区
28549,皇城恒隆广场,沈阳市,沈河区
28550,益田假日世界,沈阳市,沈河区
28551,盛京百货大家庭,沈阳市,沈河区
28552,茂业百货,沈阳市,沈河区
28553,金利来商厦,沈阳市,沈河区
28593,沈阳三台子万象汇,沈阳市,皇姑区
28617,万达广场,沈阳市,铁西区
28620,云峰广场,沈阳市,铁西区
28621,千姿汇,沈阳市,铁西区
28622,华润·铁西万象汇,沈阳市,铁西区
28623,友谊奥莱,沈阳市,铁西区
28624,太阳狮星悦荟商业广场,沈阳市,铁西区
28625,工人村新商场,沈阳市,铁西区
28627,新玛特,沈阳市,铁西区
28628,新隆嘉生活广场,沈阳市,铁西区
28629,星摩尔购物广场,沈阳市,铁西区
28630,杉杉奥特莱斯广场,沈阳市,铁西区
28632,盛京大天地,沈阳市,铁西区
28633,维华商业广场,沈阳市,铁西区
28634,茂业奥特莱斯,沈阳市,铁西区
28636,荣信·财富广场,沈阳市,铁西区
28637,西都商场,沈阳市,铁西区
28638,鑫家隆生活购物广场,沈阳市,铁西区
28639,铁西区兴华南街万达广场CS078,沈阳市,铁西区
28640,铁西百货大楼,沈阳市,铁西区
28641,龙之梦大都汇,沈阳市,铁西区
29019,鞍山万象汇,鞍山市,铁东区
29730,沣西吾悦广场,咸阳市,秦都区
29947,万达广场,宝鸡市,金台区
29948,三迪PARK主题购物公园,宝鸡市,金台区
29950,东岭路银泰城西侧东岭新天地,宝鸡市,金台区
29951,华通商厦,宝鸡市,金台区
29952,唐潮城,宝鸡市,金台区
29953,宝鸡市百货大楼,宝鸡市,金台区
29954,泰森·乐街Life,宝鸡市,金台区
29955,荟萃阳光天地,宝鸡市,金台区
29956,轩苑盛世生活广场,宝鸡市,金台区
29957,银泰百货,宝鸡市,金台区
30102,榆林榆阳万达广场,榆林市,榆阳区
30193,华盛购物广场,汉中市,汉台区
30195,商业大厦(人民路),汉中市,汉台区
30196,格之生活广场,汉中市,汉台区
30197,欣隆购物广场,汉中市,汉台区
30198,民合购物中心,汉中市,汉台区
30200,汉中市汉台区中心广场地下商城,汉中市,汉台区
30201,汉城百货,汉中市,汉台区
30202,海洋城,汉中市,汉台区
30203,润裕购物广场,汉中市,汉台区
30204,现代国际广场,汉中市,汉台区
30205,瑞丽购物广场,汉中市,汉台区
30206,盛世国际商业广场,汉中市,汉台区
30207,石马商城,汉中市,汉台区
30208,虎桥商贸城,汉中市,汉台区
30209,金琪购物中心,汉中市,汉台区
30210,锐捷体育广场,汉中市,汉台区
30211,阳光商城,汉中市,汉台区
30212,陕西大红门集团,汉中市,汉台区
30213,陕西省汉中市百货大楼,汉中市,汉台区
30214,魅力之城,汉中市,汉台区
30215,鼎鼎百货,汉中市,汉台区
30412,东方亿象城,西安市,新城区
30413,东门美博城,西安市,新城区
30414,丹尼尔奥莱国际,西安市,新城区
30416,唐都里,西安市,新城区
30417,多彩城,西安市,新城区
30418,多彩新天地,西安市,新城区
30419,大华1935,西安市,新城区
30420,幸福林带商业,西安市,新城区
30421,民乐新都会商城,西安市,新城区
30422,民生百货,西安市,新城区
30424,海方商城,西安市,新城区
30425,腾悦广场,西安市,新城区
30426,西北商贸中心,西安市,新城区
30428,西安民乐园万达广场北区,西安市,新城区
30430,西安益田假日世界购物中心,西安市,新城区
30431,西安秋林宏业商厦,西安市,新城区
30433,解放数创广场,西安市,新城区
30434,贝斯特·康复路商贸广场,西安市,新城区
30435,CityOn熙地港(西安)购物中心,西安市,未央区
30436,MAX未来,西安市,未央区
30437,New BlockA区,西安市,未央区
30438,UPARK悦邻荟,西安市,未央区
30439,万达广场,西安市,未央区
30440,世纪金花,西安市,未央区
30441,中登广场,西安市,未央区
30442,乐派生活广场,西安市,未央区
30443,五环Outlets北郊工厂店,西安市,未央区
30444,博乐里购物广场,西安市,未央区
30445,汉神购物广场,西安市,未央区
30446,润家购物广场,西安市,未央区
30448,百寰国际易达生活中心,西安市,未央区
30449,盛龙广场-龙首购物中心,西安市,未央区
30450,艾斯广场,西安市,未央区
30451,西咸万象城,西安市,未央区
30452,西安U Plaza城开优享+购物中心,西安市,未央区
30453,西安大融城,西安市,未央区
30454,西安浐灞印象城,西安市,未央区
30455,西安西咸吾悦广场,西安市,未央区
30456,赛高街区,西安市,未央区
30457,隆成花田里街区,西安市,未央区
30458,首创禧悦里,西安市,未央区
30459,龙湖西安未央天街,西安市,未央区
30460,万兴广场,西安市,灞桥区
30462,佳汇幸福里购物中心,西安市,灞桥区
30463,凯德广场·御锦城,西安市,灞桥区
30464,华东购物广场(柳烟路),西安市,灞桥区
30467,华盛奥特莱斯购物中心东区,西安市,灞桥区
30468,大时代商业广场,西安市,灞桥区
30471,恒大生活广场,西安市,灞桥区
30472,智翔广场,西安市,灞桥区
30473,水晶汇溪广场,西安市,灞桥区
30474,沁水商业广场,西安市,灞桥区
30475,洪庆广场,西安市,灞桥区
30476,灞桥供销商城,西安市,灞桥区
30478,立朗广场,西安市,灞桥区
30481,西安华阳城购物中心,西安市,灞桥区
30482,西安王府井国际港丝路购物中心,西安市,灞桥区
30485,Discovery王府井,西安市,碑林区
30486,万达广场,西安市,碑林区
30487,中大国际南大街店,西安市,碑林区
30488,中环广场,西安市,碑林区
30489,中贸广场A座,西安市,碑林区
30492,兴正元广场,西安市,碑林区
30494,合生汇,西安市,碑林区
30495,大话南门·站Station,西安市,碑林区
30496,开元商城钟楼店,西安市,碑林区
30500,王府井百货永宁门店南馆,西安市,碑林区
30501,盛安广场星光CityMore,西安市,碑林区
30502,立丰国际购物广场,西安市,碑林区
30503,西安SKP,西安市,碑林区
30505,西安太白印象城,西安市,碑林区
30506,西安新兴广场,西安市,碑林区
30507,西安百瑞广场(百瑞未来城),西安市,碑林区
30508,长乐荟城市生活广场,西安市,碑林区
30509,麦田广场,西安市,碑林区
30510,万达广场,西安市,莲湖区
30511,万锦城购物中心,西安市,莲湖区
30513,兴地商业广场,西安市,莲湖区
30514,响塘广场,西安市,莲湖区
30515,唐延中心城,西安市,莲湖区
30516,土门商厦,西安市,莲湖区
30517,土门国际购物中心,西安市,莲湖区
30518,大唐西市·西市城购物中心,西安市,莲湖区
30520,大旺城,西安市,莲湖区
30521,大观园商城,西安市,莲湖区
30522,太奥广场,西安市,莲湖区
30524,御溪生活广场,西安市,莲湖区
30525,方所,西安市,莲湖区
30526,海纳购物广场,西安市,莲湖区
30527,群贤广场,西安市,莲湖区
30528,荣民龙首广场,西安市,莲湖区
30529,西安新世界时尚广场,西安市,莲湖区
30531,邻嘉生活广场,西安市,莲湖区
30532,风華茂,西安市,莲湖区
30533,龙毓生活广场,西安市,莲湖区
30534,龙湖西安大兴星悦荟,西安市,莲湖区
30593,MOMOPARK艺术购物中心,西安市,雁塔区
30595,中大国际商业中心,西安市,雁塔区
30596,兰岛广场,西安市,雁塔区
30597,凯德广场·新地城,西安市,雁塔区
30598,南飞鸿·乐荟中心,西安市,雁塔区
30600,小寨·原力场,西安市,雁塔区
30601,小寨银泰城,西安市,雁塔区
30602,曼蒂广场,西安市,雁塔区
30604,立丰城LE CITY,西安市,雁塔区
30605,芙蓉新天地购物中心,西安市,雁塔区
30606,西安万象城(生命之树),西安市,雁塔区
30607,西安大悦城,西安市,雁塔区
30608,西安大都荟,西安市,雁塔区
30609,西安益田假日里购物中心,西安市,雁塔区
30610,西安荟聚,西安市,雁塔区
30611,西安金地广场,西安市,雁塔区
30612,赛格国际购物中心,西安市,雁塔区
30613,金莎国际购物广场,西安市,雁塔区
30614,金鹰国际购物中心,西安市,雁塔区
30615,银泰城,西安市,雁塔区
30617,龙湖西安曲江天街,西安市,雁塔区
30787,王府井百货,西宁市,城中区
30796,万达广场(二期),西宁市,城北区
30797,万达广场,西宁市,城北区
30800,大堡子商城,西宁市,城北区
30802,日升购物中心,西宁市,城北区
30803,朝阳印象沉浸式商业广场,西宁市,城北区
30818,西宁海湖万达广场,西宁市,城西区
30820,西宁王府井大象城购物中心,西宁市,城西区
31040,万达广场,哈尔滨市,南岗区
31041,凯德广场·学府,哈尔滨市,南岗区
31042,勇超商场,哈尔滨市,南岗区
31043,南岗区大世界商城,哈尔滨市,南岗区
31044,和兴商厦,哈尔滨市,南岗区
31045,哈特购物广场,哈尔滨市,南岗区
31047,尚都购物广场,哈尔滨市,南岗区
31049,新吉购物中心,哈尔滨市,南岗区
31050,旅投·国展购物广场,哈尔滨市,南岗区
31051,松雷商业,哈尔滨市,南岗区
31052,百特佰永乐购物广场学府经典店,哈尔滨市,南岗区
31053,秋林人和地下商城,哈尔滨市,南岗区
31054,秋林公司,哈尔滨市,南岗区
31055,红博中央公园,哈尔滨市,南岗区
31056,红博会展购物广场,哈尔滨市,南岗区
31057,红博广场,哈尔滨市,南岗区
31058,艺汇家城市广场,哈尔滨市,南岗区
31061,跨越新天地购物广场,哈尔滨市,南岗区
31062,远大购物中心,哈尔滨市,南岗区
31063,里道斯国际大厦,哈尔滨市,南岗区
31064,金爵万象商业广场,哈尔滨市,南岗区
31157,万宝商场,哈尔滨市,松北区
31160,哈尔滨松北区观江国际购物中心,哈尔滨市,松北区
31161,哈尔滨融创茂,哈尔滨市,松北区
31162,松北购物中心,哈尔滨市,松北区
31163,枫叶小镇奥特莱斯,哈尔滨市,松北区
31167,融创广场,哈尔滨市,松北区
31174,五禾商场,哈尔滨市,道外区
31175,保温城,哈尔滨市,道外区
31178,名优城,哈尔滨市,道外区
31179,哈尔滨华南城B区,哈尔滨市,道外区
31180,哈尔滨华盛奥特莱斯,哈尔滨市,道外区
31183,温州批发城,哈尔滨市,道外区
31185,生活汇·购物公园,哈尔滨市,道外区
31186,百盛购物中心,哈尔滨市,道外区
31187,益华商场(三棵树大街),哈尔滨市,道外区
31189,道外区太平桥百盛A(3座),哈尔滨市,道外区
31190,金蟾商厦,哈尔滨市,道外区
31191,金龙商厦,哈尔滨市,道外区
31192,青龙商贸城B栋,哈尔滨市,道外区
31193,馨苑购物中心,哈尔滨市,道外区
31194,上海沙龙,哈尔滨市,道里区
31195,中央商城,哈尔滨市,道里区
31196,凯德广场(埃德蒙顿路),哈尔滨市,道里区
31199,卓展购物中心(安红街),哈尔滨市,道里区
31200,卓展购物中心B座,哈尔滨市,道里区
31201,和泰广场,哈尔滨市,道里区
31202,哈尔滨印象城,哈尔滨市,道里区
31205,康氏购物·民生广场,哈尔滨市,道里区
31206,新盛隆,哈尔滨市,道里区
31207,松雷何所有,哈尔滨市,道里区
31208,潮人广场,哈尔滨市,道里区
31210,百盛购物中心,哈尔滨市,道里区
31211,秀龙商厦,哈尔滨市,道里区
31212,远大购物中心,哈尔滨市,道里区
31214,金安国际购物广场,哈尔滨市,道里区
31215,金帝商城,哈尔滨市,道里区
31216,铜锣湾广场,哈尔滨市,道里区
31217,银泰城·悦街,哈尔滨市,道里区
31218,银泰城购物中心,哈尔滨市,道里区
31308,万达广场,大庆市,萨尔图区
31310,中央商城(纬六路),大庆市,萨尔图区
31311,大埠同商城,大庆市,萨尔图区
31312,大庆百货大楼,大庆市,萨尔图区
31315,天桥百货大楼,大庆市,萨尔图区
31316,天马商场,大庆市,萨尔图区
31317,康弘兴业商场,大庆市,萨尔图区
31318,新东风购物广场,大庆市,萨尔图区
31319,新天地休闲购物广场,大庆市,萨尔图区
31320,毅腾商都购物中心,大庆市,萨尔图区
31321,温馨四季名店,大庆市,萨尔图区
31324,金田商场,大庆市,萨尔图区
31325,香榭丽购物中心,大庆市,萨尔图区
31326,万达广场,大庆市,让胡路区
31327,华峻生活广场,大庆市,让胡路区
31329,唐人生活广场,大庆市,让胡路区
31330,四季商城,大庆市,让胡路区
31331,建华商贸城,大庆市,让胡路区
31333,新潮国际购物中心,大庆市,让胡路区
31334,新玛特,大庆市,让胡路区
31336,生活楼,大庆市,让胡路区
31337,西城购物中心,大庆市,让胡路区
31338,让胡路商场,大庆市,让胡路区
31340,阳光商都,大庆市,让胡路区
31341,鸿运购物中心,大庆市,让胡路区
31425,8090地下商场,牡丹江市,西安区
31427,8090时尚广场,牡丹江市,西安区
31429,东方源地下商贸城(祥和大厦东),牡丹江市,西安区
31431,大商集团百货大楼,牡丹江市,西安区
31432,帅千广场,牡丹江市,西安区
31434,朝鲜民族百货广场,牡丹江市,西安区
31435,波斯特,牡丹江市,西安区
31436,波斯特活力城,牡丹江市,西安区
31437,海浪小区百货商场,牡丹江市,西安区
31438,金街商城,牡丹江市,西安区
